email_event_id,sender_email,receiver_email,threat_type,severity,action_taken,timestamp
1,brooksteresa@example.org,gonzalezchristina@example.net,Phishing,High,Delivered,2026-02-03 21:50:56
2,gregory50@example.org,jonathan33@example.org,Phishing,High,Quarantined,2026-02-22 10:29:41
3,erin86@example.com,owalters@example.net,Phishing,High,Delivered,2026-01-22 14:55:44
4,amy92@example.org,kathy27@example.net,Spam,Medium,Blocked,2026-03-12 17:39:05
5,mallorybaker@example.com,riverakevin@example.com,Spam,Medium,Blocked,2026-01-01 03:44:50
6,michael61@example.com,anthonynunez@example.com,Spam,Medium,Blocked,2026-04-07 18:57:08
7,mcphersonannette@example.org,breanna45@example.net,Spam,High,Blocked,2026-03-07 04:48:02
8,nelsonronald@example.com,vincent36@example.org,Spam,High,Blocked,2026-04-03 14:15:46
9,jennifer48@example.net,jermaine52@example.net,Business Email Compromise,Low,Delivered,2026-03-31 01:42:10
10,gregory57@example.org,sthomas@example.com,Phishing,Low,Delivered,2026-04-23 03:34:33
11,kelleysamuel@example.net,troy79@example.org,Malicious Attachment,High,Blocked,2026-05-10 22:12:46
12,williamowens@example.net,vargasamy@example.com,Business Email Compromise,Low,Blocked,2026-03-11 09:50:14
13,imiller@example.net,taylor60@example.com,Spam,Critical,Delivered,2026-01-07 11:36:57
14,elizabethwong@example.com,pburnett@example.com,Spoofing,Medium,Delivered,2026-03-19 14:54:04
15,brittanygutierrez@example.net,huntpeter@example.net,Phishing,High,Quarantined,2026-04-21 02:12:19
16,kelsey61@example.org,smithmatthew@example.org,Spoofing,Critical,Quarantined,2026-02-10 11:56:10
17,cooperdarlene@example.com,barbara15@example.com,Business Email Compromise,High,Blocked,2026-04-09 05:58:02
18,joseph35@example.org,connor77@example.com,Business Email Compromise,Medium,Delivered,2026-01-02 06:08:32
19,sharon95@example.com,xjimenez@example.org,Business Email Compromise,High,Blocked,2026-02-25 19:50:46
20,davidhull@example.com,jeffreywu@example.org,Spoofing,Critical,Blocked,2026-01-02 16:15:39
21,tiffany48@example.com,jamiestrickland@example.org,Malicious Attachment,Low,Blocked,2026-05-27 11:58:17
22,virginia93@example.net,tcastillo@example.org,Spoofing,Low,Quarantined,2026-03-09 08:36:12
23,stephensonchristine@example.net,angelagreene@example.org,Business Email Compromise,Low,Quarantined,2026-05-14 12:19:18
24,morrislisa@example.org,ppark@example.org,Spoofing,High,Blocked,2026-05-06 16:12:19
25,benjaminhebert@example.net,ykramer@example.net,Spam,High,Delivered,2026-02-16 01:56:46
26,otucker@example.com,prestonamanda@example.org,Phishing,High,Blocked,2026-02-12 14:44:55
27,josephhudson@example.com,joseph76@example.com,Spam,Medium,Blocked,2026-05-24 10:39:08
28,john77@example.net,kaylabenitez@example.org,Business Email Compromise,High,Delivered,2026-05-19 20:07:10
29,tuckermichael@example.com,fsimmons@example.org,Business Email Compromise,Critical,Blocked,2026-01-10 00:20:16
30,ymitchell@example.com,qmartin@example.com,Business Email Compromise,Low,Quarantined,2026-05-11 21:40:52
31,sandraallen@example.net,curryjeff@example.net,Phishing,Low,Quarantined,2026-04-04 15:16:02
32,ryanmurillo@example.com,alexandra03@example.net,Malicious Attachment,Low,Blocked,2026-01-23 00:43:29
33,ishields@example.com,newtonjudy@example.org,Phishing,High,Delivered,2026-05-01 08:28:37
34,mmoore@example.net,manningbrett@example.org,Spoofing,Low,Quarantined,2026-01-20 22:18:55
35,hollyrhodes@example.org,dominguezamanda@example.org,Business Email Compromise,High,Delivered,2026-02-09 23:01:53
36,hooperkaitlyn@example.org,barnettryan@example.net,Business Email Compromise,High,Delivered,2026-01-18 05:42:38
37,kaylahamilton@example.net,jamesramirez@example.com,Spam,High,Quarantined,2026-03-03 17:05:38
38,baueramber@example.org,urichards@example.org,Business Email Compromise,Medium,Blocked,2026-02-05 07:48:50
39,timothy54@example.com,ysmith@example.net,Business Email Compromise,Critical,Quarantined,2026-02-25 08:20:48
40,johnsondenise@example.com,james17@example.com,Malicious Attachment,High,Delivered,2026-03-28 02:46:55
41,joseph92@example.org,donald16@example.org,Malicious Attachment,High,Delivered,2026-01-13 11:15:35
42,josewhite@example.net,marcia15@example.net,Phishing,High,Quarantined,2026-03-07 03:18:25
43,julie16@example.net,santiagojohn@example.net,Spam,Critical,Quarantined,2026-01-24 05:05:35
44,ecarney@example.net,wpittman@example.org,Spam,Low,Delivered,2026-04-03 03:53:09
45,ijackson@example.com,james42@example.org,Malicious Attachment,High,Delivered,2026-01-10 22:23:15
46,lmcbride@example.com,joseph45@example.com,Phishing,Critical,Delivered,2026-03-12 08:23:36
47,randolphmichael@example.org,brianlong@example.com,Phishing,Critical,Quarantined,2026-03-25 11:53:23
48,melissamurphy@example.com,pwright@example.org,Spoofing,Critical,Delivered,2026-02-21 22:11:13
49,wlewis@example.net,zimmermandanny@example.net,Spoofing,High,Delivered,2026-03-03 23:54:53
50,michaeljohnson@example.com,hmay@example.net,Malicious Attachment,Low,Quarantined,2026-03-17 18:57:20
51,gkim@example.net,stacy64@example.net,Spoofing,High,Blocked,2026-05-19 06:03:33
52,shafferstephanie@example.com,holly97@example.net,Spam,Medium,Quarantined,2026-01-01 13:30:23
53,tking@example.org,jamesmarcia@example.org,Business Email Compromise,Low,Blocked,2026-04-23 12:49:12
54,desiree88@example.net,douglasrose@example.com,Spam,Low,Blocked,2026-02-18 21:36:15
55,brianna35@example.org,kristinalewis@example.com,Phishing,Critical,Blocked,2026-05-16 09:37:40
56,kevinfreeman@example.net,sheenadennis@example.org,Spoofing,Critical,Blocked,2026-03-04 22:29:08
57,vowens@example.org,martinezmary@example.net,Spam,Medium,Quarantined,2026-03-03 13:46:39
58,nancy31@example.com,alexandria13@example.net,Phishing,Medium,Quarantined,2026-03-03 23:20:32
59,bgarcia@example.org,melaniecollins@example.net,Spoofing,High,Quarantined,2026-01-10 00:28:29
60,anthonysanchez@example.com,millerandrew@example.net,Spoofing,Critical,Quarantined,2026-01-27 02:41:42
61,wbarrett@example.net,hallellen@example.net,Phishing,Critical,Blocked,2026-01-22 20:43:07
62,sboyle@example.com,collinsnichole@example.com,Spoofing,Medium,Delivered,2026-02-11 11:42:23
63,melissa22@example.net,gabrielle82@example.net,Phishing,High,Blocked,2026-01-17 13:54:28
64,averysamuel@example.com,david68@example.org,Spoofing,High,Blocked,2026-03-03 21:39:58
65,jordan63@example.com,xmiller@example.com,Spam,High,Quarantined,2026-05-16 06:35:12
66,scottkathryn@example.com,cooperrandy@example.net,Spam,Critical,Blocked,2026-01-03 05:25:23
67,warrenkristin@example.com,ronnie02@example.net,Phishing,Low,Quarantined,2026-05-21 21:12:57
68,morrismariah@example.com,nwilliams@example.net,Spoofing,Low,Blocked,2026-01-25 11:19:04
69,esparzajennifer@example.com,longlarry@example.net,Business Email Compromise,Low,Quarantined,2026-04-06 09:12:17
70,susanstout@example.net,tpatterson@example.com,Business Email Compromise,Medium,Quarantined,2026-03-23 18:58:50
71,julieparrish@example.org,mkoch@example.org,Phishing,High,Quarantined,2026-02-02 21:45:49
72,whitepamela@example.net,thomas62@example.com,Spoofing,Medium,Delivered,2026-02-01 01:30:30
73,herreramargaret@example.com,jeffrey14@example.net,Malicious Attachment,Low,Quarantined,2026-05-19 00:38:55
74,hintonmichael@example.com,laurenjackson@example.org,Spam,High,Blocked,2026-04-08 12:27:41
75,gregory26@example.com,odiaz@example.com,Spoofing,Critical,Blocked,2026-03-12 00:44:20
76,ocallahan@example.org,wwilliams@example.net,Business Email Compromise,Medium,Quarantined,2026-04-03 02:02:27
77,dhall@example.net,zacharyavery@example.org,Phishing,Low,Blocked,2026-04-07 06:21:48
78,weaverjulie@example.com,znguyen@example.com,Phishing,Medium,Quarantined,2026-05-07 15:03:17
79,stevengaines@example.org,janicestewart@example.net,Spoofing,High,Delivered,2026-03-24 06:21:57
80,xserrano@example.org,icurtis@example.com,Spam,Critical,Blocked,2026-04-19 14:17:32
81,oestrada@example.net,gina22@example.org,Spam,Critical,Delivered,2026-04-13 16:18:36
82,shanewheeler@example.net,dclayton@example.org,Spoofing,Low,Quarantined,2026-01-09 17:28:23
83,wjohnson@example.net,parkscrystal@example.com,Business Email Compromise,Medium,Blocked,2026-02-03 17:09:31
84,sburns@example.com,dmorales@example.org,Spam,Critical,Quarantined,2026-05-25 21:27:11
85,gjoseph@example.org,jakemontgomery@example.com,Phishing,Low,Quarantined,2026-05-24 09:01:04
86,steven77@example.com,olsengabriela@example.com,Malicious Attachment,High,Quarantined,2026-02-28 08:15:20
87,austincaitlin@example.com,madeline74@example.org,Malicious Attachment,High,Blocked,2026-04-12 19:08:33
88,shawn71@example.net,melanie40@example.org,Malicious Attachment,High,Quarantined,2026-05-26 00:47:07
89,kelleydaniel@example.com,gregoryjuarez@example.net,Business Email Compromise,Low,Delivered,2026-04-25 15:33:48
90,donaldthompson@example.com,kwhite@example.net,Business Email Compromise,High,Blocked,2026-04-07 10:39:36
91,raymond03@example.com,wolfejustin@example.org,Spoofing,Critical,Quarantined,2026-01-24 19:26:04
92,jay09@example.org,paulmartinez@example.org,Business Email Compromise,High,Delivered,2026-01-13 10:41:59
93,rharvey@example.net,brettvargas@example.com,Malicious Attachment,Low,Quarantined,2026-04-16 06:50:54
94,kevindavis@example.com,greenamanda@example.net,Malicious Attachment,High,Quarantined,2026-04-14 20:12:19
95,ygordon@example.com,brian94@example.org,Phishing,Critical,Delivered,2026-01-10 06:31:30
96,fanderson@example.net,madeline80@example.com,Spam,Low,Quarantined,2026-05-13 13:10:59
97,lanesheila@example.org,laurasmith@example.net,Phishing,Medium,Delivered,2026-01-31 10:22:05
98,cmosley@example.com,nicole73@example.net,Malicious Attachment,High,Delivered,2026-04-27 22:12:19
99,andrew40@example.net,ericfischer@example.org,Malicious Attachment,Medium,Blocked,2026-03-25 23:52:31
100,petersonnathaniel@example.com,christinanichols@example.org,Business Email Compromise,Critical,Quarantined,2026-01-21 06:40:23
101,tgreer@example.com,reillypatrick@example.com,Spoofing,Critical,Delivered,2026-05-04 15:26:53
102,danielhernandez@example.com,johnsonmichael@example.net,Business Email Compromise,Low,Quarantined,2026-04-29 22:56:38
103,edwardsmelissa@example.com,joseph51@example.net,Spoofing,Critical,Blocked,2026-04-05 11:39:49
104,nashkatherine@example.com,kelseysmith@example.net,Spoofing,Low,Delivered,2026-02-24 05:46:24
105,smithdavid@example.com,vcastillo@example.com,Spam,Low,Quarantined,2026-04-29 18:19:49
106,lynn67@example.net,mendezmichael@example.net,Malicious Attachment,Critical,Blocked,2026-03-16 09:26:33
107,rodneygilbert@example.org,karen13@example.net,Business Email Compromise,Medium,Delivered,2026-03-03 11:48:10
108,weaverjaime@example.com,laura90@example.net,Spoofing,Medium,Blocked,2026-04-21 23:05:39
109,rhernandez@example.org,montoyaholly@example.com,Business Email Compromise,Critical,Quarantined,2026-03-14 10:12:10
110,griffinbrittany@example.com,erica75@example.com,Spam,Critical,Quarantined,2026-01-05 03:08:12
111,autumnbaxter@example.com,erin52@example.net,Spoofing,Medium,Quarantined,2026-04-24 15:36:51
112,margaret91@example.org,zgalloway@example.org,Malicious Attachment,Low,Quarantined,2026-04-04 19:28:53
113,stewartdaniel@example.com,gayrandy@example.net,Phishing,Low,Quarantined,2026-01-11 04:15:27
114,harold40@example.net,perezbeth@example.com,Malicious Attachment,High,Delivered,2026-05-07 23:42:00
115,monroesarah@example.org,erika86@example.org,Phishing,Critical,Quarantined,2026-04-06 23:45:26
116,julie66@example.com,ypatterson@example.org,Malicious Attachment,High,Blocked,2026-02-12 00:12:13
117,uwilliams@example.com,nguyendustin@example.net,Business Email Compromise,Low,Quarantined,2026-02-21 12:27:53
118,alison77@example.org,raymondmcguire@example.net,Spam,High,Delivered,2026-02-10 01:50:42
119,wfranklin@example.org,taylorgary@example.net,Malicious Attachment,High,Quarantined,2026-04-17 16:13:54
120,awilson@example.net,tcervantes@example.net,Spam,Critical,Blocked,2026-02-08 12:58:05
121,bryanibarra@example.org,robertpeters@example.org,Malicious Attachment,Low,Delivered,2026-01-10 21:05:06
122,lbrown@example.com,joseph79@example.com,Business Email Compromise,Medium,Delivered,2026-05-05 07:49:26
123,michaelcervantes@example.com,hmartinez@example.org,Spam,Low,Blocked,2026-02-15 02:27:55
124,lmckee@example.net,joycemcclain@example.net,Spoofing,High,Blocked,2026-03-26 10:39:39
125,holly82@example.org,zlopez@example.org,Spam,Low,Delivered,2026-02-15 23:30:13
126,mwilcox@example.org,chadkennedy@example.net,Malicious Attachment,High,Quarantined,2026-02-18 20:42:14
127,marissabraun@example.com,hughesdavid@example.net,Business Email Compromise,Critical,Delivered,2026-02-09 13:17:39
128,gramos@example.com,robert43@example.com,Business Email Compromise,Medium,Quarantined,2026-01-28 07:41:09
129,patricia51@example.com,qcruz@example.com,Phishing,Low,Quarantined,2026-05-25 20:27:02
130,andrewcarson@example.com,shogan@example.com,Malicious Attachment,High,Blocked,2026-04-09 22:23:06
131,lcarter@example.net,jimmy06@example.org,Spam,Critical,Quarantined,2026-04-28 00:15:38
132,jenniferholland@example.com,ybautista@example.com,Phishing,Low,Quarantined,2026-03-06 07:29:41
133,palmerseth@example.net,alisha94@example.com,Spoofing,High,Delivered,2026-02-09 00:52:29
134,brian98@example.org,taylorparrish@example.net,Spam,Low,Quarantined,2026-01-27 16:47:03
135,danielwarner@example.org,amontgomery@example.org,Business Email Compromise,Medium,Blocked,2026-05-24 08:06:35
136,carolchandler@example.com,gilberttracy@example.org,Spoofing,High,Delivered,2026-03-17 01:29:03
137,lori07@example.net,michael29@example.com,Phishing,Critical,Delivered,2026-03-23 22:26:10
138,nelsonerica@example.org,davisdawn@example.net,Spam,Low,Quarantined,2026-04-27 19:48:43
139,melissa75@example.org,jlee@example.net,Spoofing,High,Delivered,2026-01-26 03:02:43
140,terri42@example.org,grayrobert@example.com,Spam,Critical,Delivered,2026-05-10 20:40:04
141,pennygonzalez@example.com,csmith@example.com,Spam,Low,Delivered,2026-03-28 17:13:27
142,david08@example.com,scottmichael@example.com,Business Email Compromise,Low,Blocked,2026-03-07 01:55:20
143,ericwilliams@example.net,davisamanda@example.net,Malicious Attachment,High,Delivered,2026-04-05 17:05:26
144,vdudley@example.net,paul00@example.com,Spoofing,Critical,Quarantined,2026-04-13 18:35:40
145,randyreynolds@example.net,john17@example.net,Business Email Compromise,High,Quarantined,2026-05-21 00:09:30
146,rchung@example.net,kwatts@example.com,Spoofing,Low,Quarantined,2026-01-12 19:31:35
147,bmann@example.org,smithpenny@example.com,Phishing,Critical,Blocked,2026-02-16 12:34:04
148,afoster@example.com,joneskristin@example.net,Business Email Compromise,Medium,Blocked,2026-04-25 03:27:31
149,stanley14@example.com,fhowe@example.org,Malicious Attachment,Low,Quarantined,2026-02-18 10:29:46
150,kscott@example.net,craig17@example.net,Phishing,Critical,Blocked,2026-04-04 01:21:44
151,courtney95@example.org,kristin83@example.com,Spoofing,Medium,Quarantined,2026-05-24 04:50:07
152,mvelazquez@example.com,powersmichael@example.net,Malicious Attachment,High,Blocked,2026-02-24 04:53:28
153,chavezjoshua@example.com,antonio35@example.com,Business Email Compromise,Medium,Delivered,2026-05-19 14:50:50
154,mitchellvictoria@example.org,erikatorres@example.org,Phishing,Medium,Delivered,2026-02-23 03:10:46
155,stokeshannah@example.net,zduffy@example.net,Spoofing,Medium,Delivered,2026-03-15 14:51:21
156,amandahamilton@example.com,rachel84@example.org,Malicious Attachment,Critical,Blocked,2026-05-05 05:41:21
157,jillbernard@example.com,ygonzalez@example.com,Business Email Compromise,Low,Delivered,2026-05-02 19:05:55
158,fgonzalez@example.org,jennifergraves@example.com,Business Email Compromise,Medium,Delivered,2026-04-01 15:51:48
159,lmurray@example.org,carrierobinson@example.com,Spoofing,Medium,Blocked,2026-04-11 22:31:09
160,andersonsarah@example.org,courtneykeith@example.com,Phishing,Low,Blocked,2026-05-19 03:04:13
161,brownbryan@example.com,kara11@example.org,Spoofing,High,Blocked,2026-03-17 23:20:47
162,christopher05@example.com,xperry@example.com,Spam,High,Blocked,2026-01-23 22:12:53
163,erikmiller@example.net,jramirez@example.com,Business Email Compromise,Low,Blocked,2026-01-27 10:03:01
164,michaelyoung@example.org,ryan92@example.net,Phishing,Medium,Quarantined,2026-05-14 16:31:04
165,jilliancastro@example.net,nicole48@example.org,Business Email Compromise,Medium,Quarantined,2026-05-03 17:07:19
166,csanders@example.com,ryanjohn@example.net,Spam,Low,Quarantined,2026-01-23 16:16:25
167,michael16@example.net,scottduncan@example.com,Phishing,High,Blocked,2026-03-12 16:57:23
168,todd83@example.com,leonprice@example.org,Business Email Compromise,Critical,Delivered,2026-04-12 22:37:36
169,gmorgan@example.net,jeanne56@example.net,Malicious Attachment,Critical,Quarantined,2026-03-01 02:08:31
170,vgray@example.com,jane26@example.org,Business Email Compromise,High,Blocked,2026-04-16 23:11:39
171,grayjessica@example.org,colleenlewis@example.com,Malicious Attachment,High,Delivered,2026-02-01 02:10:18
172,cmalone@example.com,ahernandez@example.org,Spam,High,Delivered,2026-05-03 16:02:19
173,lynchkathryn@example.net,sanchezrichard@example.org,Spoofing,Medium,Delivered,2026-04-19 11:05:07
174,jacksonthomas@example.net,clarkryan@example.net,Business Email Compromise,High,Blocked,2026-05-14 08:01:31
175,coffeybrandy@example.com,xdavis@example.org,Business Email Compromise,High,Quarantined,2026-04-23 06:13:52
176,edwardsjoseph@example.com,michaelgonzalez@example.org,Spam,Low,Delivered,2026-05-09 09:40:30
177,monique23@example.com,nathangraham@example.net,Spam,Medium,Blocked,2026-03-27 23:32:38
178,liuronald@example.com,esandoval@example.net,Phishing,High,Blocked,2026-03-17 16:59:43
179,tandrews@example.com,gravesluis@example.com,Spoofing,Medium,Blocked,2026-01-30 22:04:51
180,sfisher@example.com,cperez@example.com,Malicious Attachment,Medium,Quarantined,2026-03-03 02:37:11
181,peggy27@example.net,rodriguezjennifer@example.org,Spoofing,Low,Blocked,2026-01-23 10:53:55
182,carrollbrooke@example.org,lsutton@example.org,Phishing,Medium,Quarantined,2026-01-07 09:36:12
183,nancystephens@example.net,christopher85@example.org,Phishing,Medium,Blocked,2026-04-10 06:17:38
184,robertnunez@example.com,bsmith@example.net,Spam,Critical,Quarantined,2026-01-21 13:18:15
185,caseyrandy@example.com,petersonkaren@example.org,Phishing,Critical,Blocked,2026-01-17 06:15:32
186,david60@example.org,eatonstephen@example.net,Spoofing,Critical,Delivered,2026-02-17 21:31:03
187,hesterpaul@example.net,mikenichols@example.net,Spam,Low,Blocked,2026-05-10 22:18:34
188,brownlinda@example.net,amanda59@example.org,Spam,Low,Blocked,2026-01-19 23:00:32
189,heatherdavis@example.net,romerolauren@example.org,Spoofing,High,Blocked,2026-03-28 23:19:39
190,ericstevenson@example.com,stevenfuentes@example.com,Spoofing,Critical,Delivered,2026-02-06 23:31:23
191,daniel56@example.org,hunter25@example.org,Spam,High,Quarantined,2026-01-27 09:52:00
192,hcameron@example.org,nsimmons@example.org,Spam,Low,Quarantined,2026-05-22 08:27:24
193,stevencross@example.com,travis24@example.net,Spoofing,High,Quarantined,2026-04-26 01:40:27
194,montgomerylarry@example.org,goldensarah@example.com,Spoofing,Medium,Delivered,2026-04-21 10:02:37
195,kfields@example.net,troy29@example.org,Malicious Attachment,Medium,Delivered,2026-04-07 12:30:46
196,kennethmartinez@example.org,gary72@example.net,Phishing,Low,Blocked,2026-03-07 11:04:00
197,drichardson@example.org,ginawise@example.com,Phishing,High,Delivered,2026-03-09 21:51:13
198,ewilliams@example.org,robert53@example.com,Malicious Attachment,Low,Quarantined,2026-03-10 23:09:59
199,stephaniecrawford@example.org,dwayneharris@example.net,Phishing,Medium,Blocked,2026-05-06 02:57:56
200,walkerfrank@example.net,fobrien@example.net,Spam,Low,Delivered,2026-05-08 01:03:23
201,terrelldominique@example.org,gpowell@example.net,Spam,High,Blocked,2026-05-13 11:36:26
202,hernandezjason@example.org,lobrien@example.org,Business Email Compromise,Critical,Delivered,2026-05-20 18:29:46
203,iwaters@example.com,torresaaron@example.org,Spoofing,High,Blocked,2026-04-01 00:58:16
204,leroyadams@example.org,thorntonrichard@example.com,Phishing,High,Quarantined,2026-01-30 18:16:57
205,dleach@example.net,thomasrowe@example.net,Spoofing,Critical,Quarantined,2026-02-19 02:06:42
206,luis88@example.net,lisa21@example.com,Spoofing,High,Quarantined,2026-04-09 23:51:56
207,loganpaula@example.net,badams@example.net,Spoofing,High,Blocked,2026-05-24 07:15:44
208,njones@example.com,harrylee@example.net,Malicious Attachment,Medium,Blocked,2026-05-13 17:28:13
209,jeffersonmatthew@example.org,amanda57@example.org,Spam,Low,Blocked,2026-02-02 03:17:09
210,bradycrawford@example.com,rhall@example.net,Business Email Compromise,Critical,Delivered,2026-04-02 18:18:41
211,tiffany79@example.net,davidmichael@example.com,Spam,Critical,Quarantined,2026-01-22 17:48:42
212,karenellison@example.com,qedwards@example.com,Malicious Attachment,Low,Blocked,2026-04-14 17:46:38
213,yolandadixon@example.org,kellyhill@example.net,Spoofing,High,Delivered,2026-03-12 19:58:27
214,lsmith@example.org,bethanydonovan@example.net,Business Email Compromise,Critical,Blocked,2026-05-25 19:32:46
215,carolbell@example.com,annrivera@example.net,Spam,Critical,Delivered,2026-03-29 17:48:34
216,jade98@example.com,laurendunn@example.org,Business Email Compromise,Low,Quarantined,2026-03-29 22:19:12
217,kmartinez@example.com,paigemaxwell@example.org,Business Email Compromise,High,Blocked,2026-05-19 08:35:33
218,bonniebyrd@example.org,george20@example.org,Phishing,Medium,Quarantined,2026-04-27 10:21:18
219,andrea34@example.org,codyvazquez@example.org,Spoofing,Low,Delivered,2026-05-08 15:38:07
220,curryryan@example.net,gavila@example.net,Business Email Compromise,Medium,Blocked,2026-02-13 12:03:02
221,christian41@example.org,angelabrown@example.net,Phishing,Low,Quarantined,2026-05-06 04:15:41
222,tramirez@example.net,bhebert@example.net,Spam,High,Blocked,2026-01-04 01:12:15
223,kevingarcia@example.net,nicholas90@example.net,Spam,High,Blocked,2026-04-30 12:41:54
224,dparker@example.org,ojones@example.org,Phishing,Critical,Delivered,2026-02-27 02:56:20
225,thayes@example.net,jrodriguez@example.org,Malicious Attachment,High,Blocked,2026-03-06 06:44:02
226,roger98@example.com,jacobmoreno@example.net,Spam,Medium,Quarantined,2026-05-09 19:20:20
227,eric70@example.net,brenda59@example.net,Phishing,Medium,Delivered,2026-02-01 11:34:47
228,edwardsjoel@example.org,lopezchristopher@example.net,Business Email Compromise,Low,Blocked,2026-02-10 06:42:10
229,brian01@example.net,philliphernandez@example.net,Malicious Attachment,High,Blocked,2026-01-14 14:38:14
230,lewismark@example.net,mosskatie@example.com,Spam,High,Blocked,2026-02-23 22:37:32
231,clarkbrandon@example.org,andersonandrea@example.com,Phishing,High,Delivered,2026-05-15 14:12:55
232,thomas01@example.net,stevensondonald@example.org,Business Email Compromise,High,Blocked,2026-01-27 23:56:45
233,johnhurst@example.net,dbuck@example.org,Malicious Attachment,High,Blocked,2026-03-28 21:46:56
234,pholmes@example.com,sarahtanner@example.net,Spam,Critical,Blocked,2026-03-10 17:19:07
235,dixonkent@example.org,woodjonathan@example.org,Malicious Attachment,Critical,Blocked,2026-04-26 12:51:19
236,daniel90@example.com,markgibson@example.org,Malicious Attachment,Low,Delivered,2026-02-09 08:30:29
237,chambersmichael@example.org,barreraandrea@example.org,Malicious Attachment,High,Delivered,2026-02-03 13:55:34
238,ibrowning@example.org,davenportlisa@example.com,Malicious Attachment,Medium,Quarantined,2026-01-16 14:11:22
239,thompsongregory@example.net,lynn61@example.com,Malicious Attachment,Medium,Delivered,2026-03-31 06:59:43
240,aaron00@example.org,rogersangela@example.net,Business Email Compromise,Medium,Blocked,2026-03-09 11:02:45
241,joshuahicks@example.com,lance69@example.org,Spam,Medium,Blocked,2026-03-12 07:34:37
242,molinaalexis@example.net,wallacejasmine@example.com,Business Email Compromise,Medium,Quarantined,2026-01-07 17:34:22
243,kristenford@example.com,marcus59@example.com,Spam,High,Delivered,2026-05-08 02:05:11
244,porterbrad@example.net,yolanda20@example.org,Business Email Compromise,Medium,Delivered,2026-01-24 22:41:24
245,mrios@example.com,emily07@example.net,Malicious Attachment,Medium,Delivered,2026-02-13 13:29:31
246,nking@example.org,susankline@example.org,Malicious Attachment,Medium,Quarantined,2026-01-03 07:40:39
247,mclarke@example.org,matthew18@example.com,Phishing,Critical,Blocked,2026-03-04 02:36:12
248,holmesamanda@example.net,bowmanbryan@example.net,Business Email Compromise,High,Delivered,2026-01-25 00:39:38
249,amyriley@example.net,zjones@example.com,Malicious Attachment,Low,Blocked,2026-04-24 05:25:21
250,jordan90@example.net,cynthia25@example.com,Spoofing,Medium,Blocked,2026-04-26 16:23:59
251,harmonnicole@example.org,hernandezbarbara@example.net,Malicious Attachment,High,Quarantined,2026-02-24 06:56:09
252,navarrojessica@example.org,vweaver@example.com,Phishing,Low,Blocked,2026-03-22 17:33:33
253,wendywilliams@example.org,gutierreztimothy@example.org,Malicious Attachment,Low,Delivered,2026-02-08 22:38:11
254,burnscody@example.org,tcoffey@example.net,Malicious Attachment,Critical,Blocked,2026-01-13 00:56:59
255,ghill@example.com,reevestodd@example.org,Phishing,High,Blocked,2026-02-06 05:12:47
256,rgarcia@example.net,justinsmith@example.net,Malicious Attachment,Medium,Quarantined,2026-02-06 20:02:14
257,nicoleprice@example.net,smithdakota@example.org,Malicious Attachment,Critical,Delivered,2026-03-31 04:03:21
258,kyle06@example.org,mcbridemadison@example.org,Malicious Attachment,Low,Quarantined,2026-01-13 19:40:03
259,elizabeth93@example.com,oconnorthomas@example.com,Malicious Attachment,Critical,Quarantined,2026-03-20 20:40:43
260,mariabrown@example.org,nlee@example.net,Phishing,Low,Blocked,2026-05-10 13:56:25
261,brianna79@example.net,stephenthompson@example.org,Malicious Attachment,Medium,Quarantined,2026-05-25 10:09:33
262,richardflores@example.net,pbrady@example.org,Business Email Compromise,High,Blocked,2026-01-16 03:55:46
263,adkinselizabeth@example.net,fstewart@example.org,Phishing,Low,Delivered,2026-04-30 22:33:14
264,raymond39@example.com,laura69@example.com,Phishing,High,Blocked,2026-04-21 22:47:50
265,lhenderson@example.com,erodriguez@example.org,Business Email Compromise,Critical,Delivered,2026-05-11 02:43:39
266,paul08@example.net,dmurillo@example.com,Spam,Critical,Delivered,2026-01-15 17:15:48
267,smithrobert@example.com,deborahwilson@example.com,Phishing,Low,Quarantined,2026-03-20 00:58:25
268,gonzalezgary@example.org,osmith@example.org,Spam,High,Quarantined,2026-03-29 09:42:21
269,oshaw@example.net,daniel47@example.org,Phishing,High,Delivered,2026-02-28 13:51:04
270,grayjeremiah@example.net,craigsteven@example.net,Spam,Low,Delivered,2026-02-16 00:55:09
271,jhines@example.net,williamsanders@example.net,Spoofing,Medium,Delivered,2026-01-13 11:40:36
272,stevenhart@example.org,amanda91@example.org,Spoofing,High,Delivered,2026-04-25 13:51:45
273,conleymichael@example.net,hoffmanolivia@example.net,Business Email Compromise,Medium,Delivered,2026-01-31 06:52:59
274,nicholas33@example.com,bfoster@example.org,Malicious Attachment,Low,Delivered,2026-03-27 11:38:25
275,aaronphillips@example.com,travisward@example.net,Business Email Compromise,Low,Delivered,2026-02-23 19:44:06
276,brittany39@example.com,tracy97@example.net,Malicious Attachment,Medium,Delivered,2026-02-20 12:58:51
277,nwhite@example.org,bradley80@example.org,Spoofing,Low,Delivered,2026-01-01 01:58:58
278,oedwards@example.net,ryan45@example.org,Business Email Compromise,Low,Quarantined,2026-02-23 01:39:45
279,jonesamy@example.org,brownwilliam@example.com,Business Email Compromise,Critical,Delivered,2026-01-19 06:23:32
280,hamiltonbrenda@example.net,lesliemartinez@example.com,Spam,Critical,Delivered,2026-01-04 16:49:23
281,janecohen@example.org,brandiharrington@example.com,Spoofing,Low,Quarantined,2026-04-17 17:10:34
282,crystal79@example.com,matthew91@example.com,Spoofing,Medium,Quarantined,2026-04-06 07:45:45
283,lewisrobin@example.net,debbie75@example.org,Malicious Attachment,Low,Quarantined,2026-02-08 15:16:20
284,johnsmith@example.com,crystal55@example.com,Phishing,Low,Quarantined,2026-01-28 05:36:45
285,suzanneward@example.org,adavis@example.com,Phishing,High,Quarantined,2026-01-19 22:12:26
286,kbonilla@example.com,garciabenjamin@example.net,Phishing,Critical,Quarantined,2026-05-04 02:12:18
287,eryan@example.org,justin77@example.net,Malicious Attachment,High,Delivered,2026-02-14 07:43:56
288,codyfarley@example.net,jessicahicks@example.com,Spoofing,Medium,Quarantined,2026-02-08 08:48:55
289,peter81@example.org,qscott@example.org,Phishing,Critical,Delivered,2026-01-15 17:47:35
290,daltonjason@example.com,martinlogan@example.net,Business Email Compromise,High,Blocked,2026-02-16 23:45:47
291,danielsjasmine@example.net,jacobstheresa@example.com,Phishing,Critical,Delivered,2026-02-11 12:12:14
292,ricejessica@example.com,xmolina@example.com,Phishing,Critical,Quarantined,2026-03-05 10:41:49
293,fwoodward@example.com,kelly60@example.com,Spam,High,Blocked,2026-02-20 15:11:46
294,xhudson@example.org,michael51@example.org,Spoofing,Medium,Blocked,2026-04-23 21:35:18
295,jamesberg@example.net,kimberlypierce@example.net,Phishing,High,Quarantined,2026-04-28 19:51:13
296,leemichael@example.net,mariajones@example.net,Malicious Attachment,High,Delivered,2026-03-05 02:22:00
297,makayla22@example.com,jeannewelch@example.org,Business Email Compromise,High,Delivered,2026-02-10 10:42:41
298,lindaowens@example.net,jasonsantiago@example.org,Phishing,Critical,Quarantined,2026-02-15 12:59:40
299,georgemartin@example.net,amberbell@example.com,Phishing,Critical,Delivered,2026-05-23 10:24:35
300,wthomas@example.org,hollybaldwin@example.org,Business Email Compromise,Critical,Delivered,2026-05-16 12:14:17
301,andrea59@example.org,abigailmiller@example.net,Spoofing,Critical,Quarantined,2026-04-05 16:57:30
302,christina99@example.com,candacegarcia@example.net,Phishing,High,Delivered,2026-03-20 12:48:34
303,heather96@example.org,adeleon@example.com,Phishing,Low,Blocked,2026-01-27 20:46:02
304,charles61@example.net,christian60@example.net,Phishing,Low,Blocked,2026-03-12 00:30:57
305,ryanarmstrong@example.com,derek09@example.com,Spam,Medium,Delivered,2026-04-18 13:05:24
306,grahamgabrielle@example.com,ashleyruben@example.net,Phishing,Medium,Delivered,2026-03-03 18:35:37
307,simpsonnathan@example.net,qzavala@example.net,Business Email Compromise,High,Delivered,2026-01-16 10:04:04
308,zwright@example.net,mbell@example.net,Phishing,Low,Blocked,2026-02-25 00:01:00
309,jeffrey82@example.net,vevans@example.net,Phishing,Low,Quarantined,2026-02-28 03:01:06
310,adrienne25@example.org,sarahrobinson@example.com,Phishing,High,Blocked,2026-04-20 04:36:05
311,pabbott@example.net,rhaynes@example.com,Phishing,Low,Delivered,2026-01-11 00:05:45
312,colecharles@example.net,mikerich@example.org,Malicious Attachment,High,Quarantined,2026-04-07 13:03:24
313,monicarichardson@example.com,dustinwilliams@example.com,Malicious Attachment,High,Quarantined,2026-02-05 09:44:48
314,williamsmeagan@example.net,paynemark@example.com,Malicious Attachment,High,Delivered,2026-03-13 12:30:59
315,amandawilkerson@example.net,kathleenwillis@example.com,Malicious Attachment,Critical,Blocked,2026-04-04 19:33:16
316,kellyisaac@example.net,comptongail@example.org,Phishing,High,Delivered,2026-01-29 03:12:06
317,diazjacob@example.org,davidroberts@example.org,Business Email Compromise,High,Quarantined,2026-05-19 09:02:34
318,melaniefowler@example.com,tbaxter@example.com,Spoofing,Low,Blocked,2026-02-12 07:57:58
319,reginaldruiz@example.net,samanthamartinez@example.org,Spoofing,Low,Quarantined,2026-04-08 06:51:15
320,kim36@example.com,lewishector@example.com,Business Email Compromise,Low,Quarantined,2026-03-11 14:37:38
321,michael16@example.org,guy34@example.net,Phishing,Critical,Quarantined,2026-02-10 14:27:25
322,nguyenamanda@example.net,mcdonalddarlene@example.com,Business Email Compromise,Critical,Delivered,2026-02-09 11:25:48
323,werneredward@example.org,daviladaniel@example.net,Malicious Attachment,High,Delivered,2026-01-29 21:36:04
324,tammystrong@example.org,teresafranklin@example.com,Malicious Attachment,Critical,Delivered,2026-04-29 01:41:38
325,cynthiakrause@example.net,moralesjames@example.net,Malicious Attachment,Low,Quarantined,2026-02-20 17:00:39
326,morrowdavid@example.com,nataliemitchell@example.net,Spoofing,Critical,Quarantined,2026-02-21 01:11:32
327,santanaalexander@example.org,shannon05@example.com,Phishing,Critical,Delivered,2026-04-06 08:55:25
328,vgraham@example.org,audrey29@example.com,Spoofing,High,Delivered,2026-02-14 10:04:15
329,melissahobbs@example.com,aaronmarshall@example.com,Malicious Attachment,Medium,Blocked,2026-04-14 08:31:58
330,jason21@example.net,nicholas64@example.net,Spam,Critical,Delivered,2026-02-27 17:35:55
331,lgolden@example.com,kristine22@example.net,Phishing,Medium,Blocked,2026-03-28 01:50:53
332,samanthakaufman@example.org,brianmyers@example.org,Malicious Attachment,Medium,Blocked,2026-02-12 13:40:59
333,terri07@example.org,fritzjackie@example.net,Spam,High,Delivered,2026-05-23 01:58:20
334,lhughes@example.com,angelasullivan@example.com,Spoofing,Critical,Quarantined,2026-03-14 19:38:15
335,sandra91@example.com,patelchristopher@example.com,Business Email Compromise,Critical,Delivered,2026-02-11 04:13:34
336,steven42@example.com,kandrews@example.org,Spam,Critical,Quarantined,2026-02-02 16:23:46
337,courtney06@example.org,lauren37@example.net,Spam,Critical,Delivered,2026-01-11 19:13:47
338,elizabeth43@example.com,whitejason@example.com,Spoofing,Medium,Quarantined,2026-03-07 05:31:39
339,ifisher@example.net,ggates@example.org,Phishing,Medium,Blocked,2026-04-19 22:15:41
340,torresnancy@example.com,erobbins@example.org,Malicious Attachment,Low,Blocked,2026-04-21 01:59:18
341,heatherlambert@example.org,ronaldhunter@example.com,Malicious Attachment,Medium,Delivered,2026-02-15 11:54:30
342,amber61@example.org,marisa16@example.com,Phishing,Medium,Blocked,2026-01-29 14:29:31
343,qjohnson@example.net,yburnett@example.net,Phishing,Critical,Blocked,2026-01-13 03:59:13
344,julierollins@example.com,wilsonbrittney@example.com,Business Email Compromise,Low,Quarantined,2026-05-02 10:01:37
345,katherine08@example.com,cohenpamela@example.net,Business Email Compromise,Low,Blocked,2026-01-02 05:42:16
346,thompsoncorey@example.org,robertschultz@example.com,Spam,Medium,Quarantined,2026-01-20 18:26:39
347,ybailey@example.net,rebecca12@example.com,Business Email Compromise,Medium,Delivered,2026-01-04 13:26:02
348,nperkins@example.net,olsenrachel@example.net,Phishing,Critical,Quarantined,2026-02-08 08:10:46
349,virginiawright@example.com,samuel17@example.org,Business Email Compromise,Low,Blocked,2026-01-19 22:46:19
350,xfrazier@example.org,hgreen@example.org,Phishing,High,Blocked,2026-05-27 18:36:19
351,timothyharris@example.org,jose67@example.net,Spam,High,Blocked,2026-01-10 18:31:30
352,bonniecox@example.net,scott99@example.org,Business Email Compromise,Low,Delivered,2026-05-21 19:31:12
353,michael71@example.com,djackson@example.com,Spam,Low,Blocked,2026-05-24 13:17:46
354,uhayes@example.org,brandon73@example.com,Phishing,Low,Blocked,2026-04-11 13:32:02
355,brooksstephanie@example.com,brittanylane@example.net,Spam,Medium,Blocked,2026-05-05 00:14:49
356,romanandrew@example.com,krivera@example.net,Spoofing,High,Quarantined,2026-01-01 03:45:26
357,sarah47@example.com,tommymurphy@example.org,Spam,Critical,Quarantined,2026-04-02 03:17:22
358,hodgechristine@example.org,hthomas@example.net,Phishing,Low,Blocked,2026-03-28 09:10:15
359,gomeznathan@example.com,zrivera@example.org,Phishing,High,Quarantined,2026-03-20 14:22:29
360,fbooth@example.com,robertabrandt@example.net,Business Email Compromise,Low,Quarantined,2026-03-03 13:38:30
361,kathy99@example.org,kathleenmorales@example.net,Business Email Compromise,Critical,Blocked,2026-05-15 01:31:31
362,christine36@example.org,susansingleton@example.net,Phishing,Critical,Delivered,2026-01-11 08:41:19
363,avilajustin@example.org,juliehoward@example.net,Spam,Medium,Quarantined,2026-03-05 00:34:56
364,randerson@example.com,angela93@example.org,Phishing,Critical,Quarantined,2026-01-13 08:53:39
365,brianjones@example.org,chawkins@example.com,Spam,Low,Blocked,2026-01-01 04:12:34
366,tinamathis@example.com,timothy62@example.org,Spam,Low,Quarantined,2026-04-13 15:10:10
367,duncantyrone@example.com,sara63@example.com,Business Email Compromise,High,Blocked,2026-02-05 10:53:04
368,juan85@example.org,theresafranklin@example.org,Spoofing,Critical,Quarantined,2026-02-22 08:20:55
369,hamptonbryan@example.org,barberanthony@example.com,Malicious Attachment,Critical,Quarantined,2026-03-12 15:52:20
370,gali@example.org,juliejones@example.com,Phishing,High,Delivered,2026-02-01 10:03:48
371,kbradshaw@example.net,lortiz@example.org,Spam,Critical,Quarantined,2026-03-23 13:34:59
372,robertvaldez@example.com,dale82@example.org,Business Email Compromise,Medium,Blocked,2026-05-09 12:08:01
373,umurphy@example.net,ugallagher@example.org,Spoofing,High,Quarantined,2026-03-22 04:54:12
374,james92@example.org,charles23@example.com,Spam,Medium,Delivered,2026-03-25 14:16:32
375,richardgibbs@example.org,markhenderson@example.net,Spoofing,High,Delivered,2026-01-19 06:28:33
376,qbush@example.net,tmann@example.org,Spam,High,Delivered,2026-01-05 03:47:18
377,greenechristopher@example.com,ecervantes@example.com,Malicious Attachment,Critical,Blocked,2026-03-01 12:52:16
378,wongbenjamin@example.com,henryvictor@example.net,Phishing,Medium,Quarantined,2026-04-28 00:13:00
379,cyoung@example.net,hshaw@example.org,Spam,Low,Quarantined,2026-02-12 12:08:33
380,michaelwhite@example.com,jacquelinemcdonald@example.net,Phishing,Critical,Quarantined,2026-02-13 23:14:48
381,danielleprice@example.org,jasonbyrd@example.net,Spam,Low,Delivered,2026-05-26 13:15:08
382,arnoldgeorge@example.com,robert91@example.com,Malicious Attachment,Medium,Delivered,2026-02-16 04:52:19
383,danhenry@example.com,samuel69@example.org,Business Email Compromise,Medium,Quarantined,2026-03-31 08:02:29
384,tpittman@example.com,kellycrystal@example.com,Business Email Compromise,High,Blocked,2026-01-31 17:45:34
385,suarezkaren@example.com,michaelhumphrey@example.org,Phishing,Medium,Blocked,2026-02-23 20:33:13
386,tkim@example.com,wsalinas@example.com,Spam,Critical,Quarantined,2026-01-31 17:56:43
387,tallen@example.net,woodselizabeth@example.org,Phishing,Medium,Blocked,2026-02-02 18:20:56
388,wangamanda@example.com,catherinecraig@example.net,Spoofing,Critical,Delivered,2026-01-15 23:50:30
389,haynesscott@example.com,phillipsroberto@example.net,Business Email Compromise,High,Quarantined,2026-02-04 14:21:06
390,westmonique@example.org,dboyd@example.com,Malicious Attachment,Low,Blocked,2026-05-25 12:26:04
391,amyguerrero@example.org,jaclyn81@example.org,Malicious Attachment,Medium,Delivered,2026-04-29 03:34:26
392,lpeterson@example.net,austinclayton@example.net,Malicious Attachment,Low,Delivered,2026-02-27 16:07:02
393,thomaslong@example.org,smithsherri@example.com,Spoofing,High,Blocked,2026-05-08 22:37:06
394,julie10@example.org,deboraharnold@example.org,Spoofing,Medium,Delivered,2026-02-21 13:28:01
395,traymond@example.net,melanie19@example.net,Phishing,Medium,Quarantined,2026-04-04 05:46:10
396,karengilbert@example.org,rachaelrodriguez@example.com,Spoofing,Medium,Quarantined,2026-04-24 00:42:03
397,penny81@example.net,moranelizabeth@example.net,Business Email Compromise,Low,Delivered,2026-02-24 21:33:24
398,douglas56@example.com,martinbilly@example.org,Business Email Compromise,Medium,Quarantined,2026-01-01 05:57:00
399,phillipsjohn@example.net,dgarcia@example.net,Spam,Critical,Quarantined,2026-03-29 05:01:30
400,cabrerastephen@example.com,suttonjeffery@example.net,Phishing,Medium,Blocked,2026-04-02 04:02:31
401,sethwalker@example.com,jesse01@example.com,Malicious Attachment,Low,Delivered,2026-01-06 15:00:35
402,robert23@example.com,johnsonkatelyn@example.com,Phishing,High,Quarantined,2026-04-12 17:11:14
403,georgereed@example.net,eperry@example.com,Spoofing,Medium,Blocked,2026-01-03 21:50:15
404,alfredsanford@example.net,karenwerner@example.net,Spoofing,High,Delivered,2026-04-02 13:26:57
405,mbrown@example.net,george14@example.org,Phishing,Low,Quarantined,2026-05-03 17:56:45
406,dvaughn@example.org,michaelfoley@example.net,Phishing,High,Quarantined,2026-04-06 09:40:32
407,tina70@example.com,patrick87@example.com,Malicious Attachment,Low,Delivered,2026-05-27 12:28:15
408,john65@example.com,lynchbeverly@example.net,Spam,Low,Delivered,2026-05-11 08:24:08
409,howardrenee@example.net,robertcarter@example.net,Phishing,Low,Blocked,2026-03-18 00:13:32
410,murraybeth@example.com,ronaldmunoz@example.net,Phishing,Critical,Quarantined,2026-02-10 13:02:58
411,jasonrodriguez@example.com,amyperez@example.net,Spoofing,Critical,Delivered,2026-02-16 03:11:10
412,james12@example.net,michael05@example.org,Malicious Attachment,Critical,Quarantined,2026-04-06 07:18:43
413,paul43@example.org,jtravis@example.com,Business Email Compromise,High,Delivered,2026-02-06 16:01:16
414,richard52@example.com,frankamber@example.com,Spoofing,Critical,Quarantined,2026-02-10 00:58:42
415,madams@example.com,martinezbradley@example.net,Malicious Attachment,High,Delivered,2026-02-28 18:16:29
416,jasonjones@example.net,denise33@example.com,Phishing,Low,Blocked,2026-01-29 22:53:12
417,gregorybaker@example.net,molinarobin@example.com,Malicious Attachment,Medium,Blocked,2026-03-15 17:45:29
418,atkinsonshawn@example.org,bryce52@example.net,Spoofing,Low,Quarantined,2026-05-17 20:02:17
419,chapmanroger@example.com,xmartinez@example.com,Spoofing,High,Blocked,2026-01-23 00:32:07
420,ann01@example.org,sean61@example.net,Phishing,Medium,Delivered,2026-04-14 05:18:01
421,erikjones@example.net,sullivansteven@example.com,Malicious Attachment,Medium,Delivered,2026-04-27 05:45:19
422,mreynolds@example.org,curtisdiaz@example.com,Malicious Attachment,Critical,Delivered,2026-03-27 15:35:00
423,matthew84@example.com,jacob16@example.net,Spoofing,Low,Delivered,2026-05-17 22:19:51
424,ajames@example.net,jefferygarcia@example.com,Spoofing,Critical,Delivered,2026-04-20 19:31:04
425,watsonnicholas@example.net,uevans@example.net,Spoofing,Critical,Delivered,2026-01-08 07:35:28
426,joyce44@example.com,haneygavin@example.org,Spoofing,High,Quarantined,2026-01-12 17:08:53
427,petersonsteve@example.net,laura24@example.org,Spoofing,Medium,Delivered,2026-01-19 09:58:44
428,terranceyang@example.org,mario19@example.org,Spam,Medium,Blocked,2026-05-14 23:10:25
429,morrispamela@example.net,ashley44@example.net,Malicious Attachment,Low,Quarantined,2026-04-20 19:31:41
430,davisbecky@example.org,christopher76@example.org,Spam,Medium,Quarantined,2026-03-22 18:55:47
431,lauraroberts@example.com,julia22@example.org,Malicious Attachment,Critical,Delivered,2026-04-01 23:07:15
432,mccannjacob@example.org,chapmantracy@example.org,Business Email Compromise,Low,Blocked,2026-04-13 05:45:07
433,mmays@example.com,michellelindsey@example.net,Spam,Critical,Blocked,2026-01-18 16:08:51
434,rrivera@example.net,christopherarcher@example.com,Malicious Attachment,Low,Quarantined,2026-04-26 19:31:21
435,nicholaswilliams@example.com,xliu@example.com,Phishing,Medium,Quarantined,2026-01-28 06:36:44
436,hgarcia@example.com,thomasmonica@example.com,Phishing,Low,Delivered,2026-03-30 18:18:29
437,spencejesus@example.org,kmiller@example.org,Spoofing,Low,Quarantined,2026-04-25 10:30:39
438,state@example.net,umiller@example.net,Business Email Compromise,High,Quarantined,2026-01-26 06:37:29
439,pattersonsarah@example.net,flucas@example.org,Business Email Compromise,Medium,Blocked,2026-01-16 17:40:47
440,sharon35@example.net,williamscourtney@example.com,Malicious Attachment,Critical,Delivered,2026-04-23 10:16:23
441,smercado@example.org,marknelson@example.com,Business Email Compromise,Critical,Quarantined,2026-05-18 08:42:22
442,andrew34@example.net,brookemorris@example.com,Spam,Medium,Quarantined,2026-02-12 23:42:48
443,caitlin20@example.org,robinsonjames@example.net,Phishing,High,Quarantined,2026-02-08 18:09:07
444,adamroberts@example.net,michael34@example.com,Spoofing,High,Blocked,2026-01-11 17:58:28
445,janetconway@example.net,qjones@example.com,Malicious Attachment,Low,Delivered,2026-01-27 03:17:36
446,sherry23@example.org,corey92@example.org,Business Email Compromise,High,Quarantined,2026-05-11 18:05:59
447,jamescombs@example.org,vreed@example.com,Business Email Compromise,Low,Blocked,2026-02-27 09:10:18
448,jillcollins@example.com,thompsonvanessa@example.net,Spoofing,Medium,Delivered,2026-05-15 08:44:19
449,ericagraham@example.org,zmiller@example.org,Business Email Compromise,Critical,Quarantined,2026-03-12 04:28:38
450,jamie06@example.net,johnsondavid@example.com,Business Email Compromise,Medium,Blocked,2026-04-28 09:02:07
451,elizabeth43@example.com,tglass@example.com,Malicious Attachment,Low,Delivered,2026-01-15 08:05:48
452,danielle81@example.com,mark38@example.com,Phishing,Low,Blocked,2026-04-22 17:42:24
453,mcleanpeter@example.net,clarkashley@example.net,Spam,Medium,Blocked,2026-04-23 08:20:51
454,flindsey@example.net,benjaminbolton@example.com,Phishing,Medium,Blocked,2026-01-24 22:04:08
455,timothy15@example.net,andersonjohn@example.net,Spam,High,Quarantined,2026-01-11 16:53:05
456,gregoryjohnson@example.org,robertli@example.org,Spam,Medium,Delivered,2026-05-03 19:51:05
457,erichard@example.org,thuang@example.com,Spoofing,Medium,Delivered,2026-01-25 06:48:44
458,krodriguez@example.org,phillipssteven@example.com,Malicious Attachment,Critical,Blocked,2026-03-19 11:11:35
459,ycrawford@example.com,josephdavila@example.net,Spoofing,Medium,Delivered,2026-01-14 09:07:00
460,andrewyoung@example.org,stacy84@example.net,Business Email Compromise,Medium,Blocked,2026-05-02 07:16:14
461,ashleyhuang@example.com,deborahmartinez@example.com,Malicious Attachment,High,Quarantined,2026-02-17 12:48:29
462,steven98@example.net,shaunpearson@example.org,Spoofing,Medium,Blocked,2026-01-24 10:04:43
463,danny68@example.org,timothymcdowell@example.com,Spoofing,High,Delivered,2026-01-18 11:44:52
464,jameswhite@example.net,acevedojasmine@example.com,Spoofing,Critical,Quarantined,2026-04-18 19:50:52
465,luis63@example.net,kelly51@example.org,Spam,Low,Delivered,2026-02-05 15:56:26
466,cbradford@example.org,wjackson@example.org,Malicious Attachment,Low,Blocked,2026-04-21 11:01:04
467,znunez@example.net,kevinrobinson@example.org,Phishing,Medium,Blocked,2026-03-28 22:53:15
468,webbdavid@example.org,william96@example.org,Phishing,High,Quarantined,2026-04-19 06:21:48
469,georgejanice@example.org,edward36@example.org,Malicious Attachment,High,Delivered,2026-03-10 11:30:08
470,rogerselizabeth@example.com,nathan00@example.com,Spoofing,Low,Quarantined,2026-04-01 05:13:36
471,joseph07@example.com,hfields@example.org,Spoofing,Medium,Blocked,2026-05-12 18:19:33
472,melissalopez@example.org,tannersteven@example.org,Spoofing,High,Delivered,2026-04-22 15:32:20
473,jennifer83@example.net,bthompson@example.com,Spoofing,Medium,Blocked,2026-04-15 04:32:42
474,bunderwood@example.org,jacksonmary@example.net,Spoofing,High,Blocked,2026-02-07 11:26:17
475,steve18@example.com,ssmith@example.net,Phishing,High,Delivered,2026-03-11 23:24:45
476,kristin14@example.net,edwardkeller@example.com,Business Email Compromise,Medium,Quarantined,2026-02-14 18:02:09
477,stephen64@example.com,cmoss@example.com,Phishing,Medium,Quarantined,2026-01-29 23:01:37
478,laurenmartin@example.org,jerrydominguez@example.com,Business Email Compromise,Low,Delivered,2026-04-04 00:37:58
479,phillipsstephen@example.org,kimberly14@example.com,Spam,Low,Quarantined,2026-02-10 06:24:52
480,allisonrush@example.net,ewhite@example.com,Phishing,Low,Quarantined,2026-04-04 15:02:47
481,christianthomas@example.net,qwillis@example.org,Malicious Attachment,Critical,Delivered,2026-05-26 00:24:45
482,hrivera@example.org,orobbins@example.org,Phishing,High,Delivered,2026-03-11 08:57:47
483,bellsherry@example.com,riossarah@example.org,Spam,Critical,Delivered,2026-04-12 21:52:23
484,lee23@example.com,alexanderkramer@example.com,Business Email Compromise,Low,Blocked,2026-04-14 08:34:47
485,valeriewheeler@example.net,stewartkevin@example.com,Phishing,Medium,Delivered,2026-02-15 01:01:17
486,james06@example.com,tracyholloway@example.com,Spam,Low,Blocked,2026-01-07 15:56:10
487,nochoa@example.com,reevesdaniel@example.net,Business Email Compromise,Medium,Quarantined,2026-04-04 08:31:22
488,loretta07@example.com,rachelstevenson@example.com,Malicious Attachment,Critical,Delivered,2026-05-27 13:14:17
489,qcollins@example.org,alexander15@example.org,Phishing,High,Delivered,2026-04-18 15:24:06
490,keithchandler@example.net,willisconnie@example.org,Malicious Attachment,High,Delivered,2026-03-12 14:17:02
491,adamsemily@example.org,larry59@example.com,Spam,Critical,Delivered,2026-02-19 09:39:19
492,charles73@example.net,trobinson@example.com,Business Email Compromise,Medium,Quarantined,2026-04-28 15:42:08
493,gsimon@example.org,bjennings@example.com,Spoofing,Low,Quarantined,2026-04-24 09:13:00
494,gberry@example.org,jbaker@example.net,Spam,Low,Blocked,2026-01-07 22:13:06
495,joe96@example.org,cdixon@example.com,Spam,Low,Delivered,2026-01-09 07:08:29
496,danny05@example.net,cynthia71@example.com,Malicious Attachment,Critical,Quarantined,2026-05-27 02:54:51
497,jennifer63@example.net,christopherwilson@example.com,Phishing,Low,Blocked,2026-01-01 01:37:15
498,paul05@example.net,aaroncameron@example.net,Malicious Attachment,Critical,Blocked,2026-05-17 01:37:19
499,emoore@example.com,sherry89@example.org,Spam,High,Delivered,2026-01-28 00:52:32
500,thomasgarcia@example.com,michelle46@example.com,Malicious Attachment,Medium,Delivered,2026-05-19 07:50:24
501,nancy68@example.net,jacobyoung@example.com,Spoofing,Low,Blocked,2026-02-11 04:27:25
502,jasmine13@example.org,lindsaywelch@example.com,Business Email Compromise,Low,Delivered,2026-05-14 02:38:41
503,heather78@example.net,hunterelizabeth@example.net,Business Email Compromise,Medium,Quarantined,2026-01-15 00:30:02
504,shawnarellano@example.org,zachary60@example.com,Malicious Attachment,High,Quarantined,2026-04-29 10:59:30
505,darrell81@example.net,andrea34@example.org,Spoofing,Critical,Blocked,2026-05-23 16:50:35
506,brandonsharp@example.com,tjohnson@example.net,Spoofing,Critical,Blocked,2026-04-13 16:58:53
507,marilyn73@example.net,pmarshall@example.com,Spam,Low,Blocked,2026-01-06 06:37:32
508,virginia18@example.com,chelsea32@example.net,Malicious Attachment,Low,Blocked,2026-04-14 13:15:58
509,timothyweaver@example.org,jhoward@example.org,Business Email Compromise,Critical,Blocked,2026-02-08 21:19:11
510,lhernandez@example.net,dodsontracy@example.net,Phishing,High,Delivered,2026-04-16 10:31:15
511,jonesjoe@example.com,reevessusan@example.net,Spoofing,Critical,Quarantined,2026-05-14 02:14:27
512,ffowler@example.net,lindsaymiller@example.net,Business Email Compromise,High,Quarantined,2026-04-02 21:04:53
513,mblankenship@example.com,jean10@example.com,Spoofing,Low,Quarantined,2026-04-07 20:29:17
514,nicole57@example.org,athomas@example.net,Malicious Attachment,Low,Quarantined,2026-03-10 22:31:35
515,yhorn@example.org,andrew36@example.org,Malicious Attachment,Medium,Delivered,2026-04-19 10:42:47
516,bsmith@example.com,jbanks@example.net,Spam,Low,Blocked,2026-04-30 06:02:13
517,lharris@example.net,sheilaflowers@example.com,Spam,High,Quarantined,2026-03-31 00:28:08
518,agraham@example.net,jacksonpatricia@example.com,Spoofing,Medium,Quarantined,2026-01-14 19:24:51
519,wolson@example.com,yross@example.net,Business Email Compromise,Low,Blocked,2026-02-07 08:39:51
520,angela24@example.com,lallen@example.com,Phishing,Medium,Delivered,2026-03-03 04:48:51
521,davidsonbarbara@example.net,johnwalls@example.org,Spam,High,Quarantined,2026-02-05 09:59:45
522,joneslisa@example.org,brandon45@example.net,Spoofing,Critical,Blocked,2026-01-19 05:58:41
523,kennethmccoy@example.com,sfisher@example.com,Phishing,High,Quarantined,2026-04-18 14:43:23
524,garzakyle@example.net,christina48@example.net,Malicious Attachment,Critical,Blocked,2026-02-06 14:47:09
525,tiffany11@example.com,gmacias@example.net,Spam,High,Delivered,2026-04-14 23:30:20
526,andrewadkins@example.com,cruzleah@example.org,Spam,Low,Delivered,2026-01-10 12:14:40
527,janet10@example.net,mbrown@example.org,Phishing,Critical,Delivered,2026-04-13 00:23:05
528,shoover@example.org,oliversarah@example.net,Business Email Compromise,Medium,Quarantined,2026-04-17 00:48:06
529,colleen67@example.net,frankjohn@example.com,Spam,High,Delivered,2026-04-13 18:52:02
530,paula87@example.org,shawkevin@example.net,Malicious Attachment,High,Delivered,2026-04-20 18:00:07
531,jenkinscharles@example.com,rford@example.net,Phishing,Medium,Quarantined,2026-05-27 23:36:09
532,lindseylewis@example.org,matthewpowell@example.net,Business Email Compromise,Low,Quarantined,2026-01-13 00:11:39
533,wheelerjanice@example.com,sara04@example.net,Spoofing,High,Quarantined,2026-03-20 08:26:28
534,mary63@example.com,joel91@example.org,Spam,High,Delivered,2026-03-19 08:11:43
535,garciaantonio@example.com,nashrebecca@example.com,Malicious Attachment,Low,Delivered,2026-02-14 21:55:31
536,caseychelsea@example.net,samanthakent@example.net,Phishing,Medium,Delivered,2026-04-06 04:45:24
537,peter71@example.com,robin04@example.org,Spam,Low,Delivered,2026-03-11 16:59:06
538,andersonmolly@example.org,andersondaniel@example.net,Spam,Medium,Quarantined,2026-01-22 01:34:33
539,michellerichardson@example.net,josephaguilar@example.net,Malicious Attachment,Low,Blocked,2026-04-21 03:13:05
540,lisa97@example.org,ruizsteve@example.net,Spam,Critical,Delivered,2026-04-11 11:23:50
541,rodrigueztina@example.net,meganchavez@example.com,Spam,Critical,Delivered,2026-03-04 14:20:05
542,alejandro84@example.com,christophermonroe@example.com,Malicious Attachment,Critical,Blocked,2026-03-30 07:24:35
543,kayla11@example.com,justinpatrick@example.org,Business Email Compromise,Medium,Blocked,2026-02-04 00:39:36
544,bryan96@example.com,chelseygraves@example.org,Malicious Attachment,Low,Blocked,2026-01-09 03:52:29
545,erin55@example.org,brandontorres@example.org,Spoofing,Critical,Blocked,2026-05-24 16:29:45
546,charles31@example.com,stewartbrenda@example.org,Spam,Critical,Quarantined,2026-03-11 08:05:49
547,heidi67@example.net,gonzalezjames@example.com,Phishing,Medium,Blocked,2026-01-02 04:59:47
548,xmueller@example.net,heathergillespie@example.com,Phishing,Low,Quarantined,2026-03-20 13:58:41
549,joseph12@example.org,qjoseph@example.net,Phishing,High,Quarantined,2026-01-23 10:29:40
550,nflynn@example.net,jonathan14@example.com,Malicious Attachment,Critical,Blocked,2026-04-15 06:43:35
551,gonzalezdiane@example.com,mcneilnicholas@example.net,Spam,Critical,Delivered,2026-05-02 18:02:37
552,xrandolph@example.com,nelsonmeghan@example.org,Malicious Attachment,High,Blocked,2026-03-17 01:27:29
553,gonzalezjessica@example.org,ythomas@example.net,Spoofing,High,Blocked,2026-01-15 00:54:57
554,westjennifer@example.net,mollyparker@example.net,Spam,High,Blocked,2026-01-31 13:23:41
555,davisisaiah@example.org,wrightann@example.net,Phishing,Critical,Blocked,2026-01-03 15:27:20
556,nthomas@example.com,troysmith@example.net,Phishing,Medium,Quarantined,2026-02-13 02:10:36
557,fosterjill@example.org,kmcguire@example.org,Malicious Attachment,Low,Delivered,2026-04-28 05:27:38
558,coxaaron@example.org,elizabeth78@example.org,Spoofing,High,Quarantined,2026-02-15 00:12:55
559,dreed@example.com,christine12@example.net,Spoofing,Low,Quarantined,2026-02-06 19:23:35
560,hjohnson@example.com,whitney84@example.org,Malicious Attachment,Medium,Delivered,2026-02-05 15:30:08
561,andreasoto@example.net,reneesims@example.org,Spam,Medium,Blocked,2026-01-27 13:21:11
562,baileybryant@example.org,denise28@example.org,Phishing,Low,Blocked,2026-05-10 22:35:55
563,jonespeter@example.org,igross@example.org,Malicious Attachment,Critical,Delivered,2026-04-15 04:11:14
564,nancy19@example.com,mkeller@example.com,Spoofing,Low,Quarantined,2026-05-15 12:00:13
565,wreyes@example.com,hdavis@example.net,Malicious Attachment,Medium,Quarantined,2026-05-09 19:26:16
566,turnermelissa@example.net,smithjulia@example.com,Phishing,Critical,Quarantined,2026-03-18 08:14:57
567,pbartlett@example.net,brandon27@example.net,Spam,Low,Delivered,2026-03-21 23:10:39
568,stonebrian@example.net,ypennington@example.net,Spam,Medium,Quarantined,2026-04-23 07:21:34
569,grant72@example.org,robert96@example.net,Malicious Attachment,High,Delivered,2026-01-18 00:37:35
570,william56@example.com,crawfordbrandy@example.com,Phishing,Medium,Blocked,2026-03-31 20:23:49
571,qbraun@example.com,lnguyen@example.org,Phishing,High,Delivered,2026-03-19 00:24:00
572,marie83@example.org,renee10@example.org,Business Email Compromise,High,Delivered,2026-02-13 02:06:22
573,omccarty@example.org,nolandeborah@example.org,Business Email Compromise,High,Delivered,2026-04-29 19:38:35
574,mdominguez@example.net,weissbrittany@example.net,Phishing,Medium,Quarantined,2026-03-05 20:16:22
575,theresaburke@example.net,jlindsey@example.net,Spam,High,Quarantined,2026-04-14 05:32:37
576,daughertylaura@example.org,morganlopez@example.net,Phishing,Low,Delivered,2026-03-03 18:26:10
577,angeladoyle@example.org,jrice@example.com,Spam,Critical,Quarantined,2026-05-07 09:33:16
578,jonathan84@example.net,gbarton@example.net,Spam,High,Delivered,2026-01-04 17:40:07
579,smithdavid@example.org,beckyowen@example.org,Spam,High,Blocked,2026-02-20 06:47:18
580,deananderson@example.net,andersontommy@example.net,Spam,Critical,Quarantined,2026-01-18 13:58:42
581,glenn02@example.com,michaelharris@example.com,Spam,Critical,Quarantined,2026-01-01 22:01:27
582,bkline@example.com,okaufman@example.com,Business Email Compromise,Critical,Blocked,2026-03-23 01:49:08
583,qpatrick@example.org,lisaramsey@example.com,Spam,High,Quarantined,2026-01-08 21:54:16
584,nicole30@example.com,leeryan@example.org,Spoofing,Medium,Blocked,2026-01-22 00:58:03
585,xvilla@example.net,jacksonchristine@example.org,Phishing,Medium,Quarantined,2026-03-21 16:26:02
586,angela70@example.com,owilliams@example.net,Phishing,High,Delivered,2026-01-17 18:33:32
587,nicole11@example.net,holly35@example.net,Malicious Attachment,Medium,Delivered,2026-02-08 21:28:31
588,cantrellheather@example.org,samanthasmith@example.org,Spam,Medium,Blocked,2026-03-15 01:11:30
589,wmoran@example.com,donnahawkins@example.net,Spoofing,Low,Delivered,2026-03-18 16:54:46
590,paige40@example.org,rmanning@example.com,Spam,High,Quarantined,2026-01-05 04:42:21
591,hsutton@example.org,tara28@example.com,Phishing,Low,Quarantined,2026-05-25 07:24:21
592,mcross@example.com,amy76@example.org,Business Email Compromise,Low,Blocked,2026-01-31 13:29:40
593,schroedercatherine@example.net,lisafrost@example.net,Malicious Attachment,High,Delivered,2026-04-06 01:34:17
594,michaelholt@example.org,mckenzie18@example.org,Spoofing,Low,Quarantined,2026-04-17 06:58:46
595,catherine98@example.org,cole75@example.net,Business Email Compromise,High,Quarantined,2026-05-11 09:22:21
596,tracy80@example.org,jessicafisher@example.org,Malicious Attachment,Low,Delivered,2026-03-29 02:27:47
597,bryanking@example.org,rosemcbride@example.com,Phishing,Critical,Delivered,2026-02-22 08:11:29
598,christopherzimmerman@example.net,seanrodriguez@example.com,Spoofing,Critical,Delivered,2026-02-21 10:43:25
599,darrellthomas@example.com,rosstheresa@example.net,Malicious Attachment,Low,Quarantined,2026-02-03 15:25:52
600,fullerhailey@example.org,owilliams@example.net,Phishing,Medium,Blocked,2026-03-21 18:32:17
601,ashleywright@example.org,drichard@example.com,Phishing,High,Blocked,2026-02-27 05:11:13
602,arobinson@example.net,mfoster@example.org,Malicious Attachment,Critical,Quarantined,2026-01-20 09:17:26
603,mitchelljesse@example.com,kara02@example.com,Phishing,Medium,Delivered,2026-01-21 19:19:15
604,elizabeth79@example.org,adam08@example.com,Spam,High,Blocked,2026-04-10 03:36:23
605,peter37@example.org,pachecoseth@example.net,Business Email Compromise,High,Delivered,2026-01-20 07:38:08
606,downsjeffrey@example.com,gailmoreno@example.net,Spam,Low,Delivered,2026-02-22 03:44:06
607,dudleyshannon@example.com,rmorris@example.net,Spam,Critical,Delivered,2026-05-13 18:09:27
608,youngnicole@example.net,barkernicholas@example.org,Phishing,Critical,Blocked,2026-02-07 19:22:12
609,julie52@example.org,hhuerta@example.net,Business Email Compromise,Low,Delivered,2026-02-27 07:04:50
610,steven45@example.com,yellis@example.com,Phishing,High,Delivered,2026-04-14 15:20:08
611,wangvalerie@example.org,jgallagher@example.com,Spoofing,Low,Delivered,2026-02-10 05:05:54
612,lbauer@example.com,dana95@example.com,Phishing,Low,Blocked,2026-03-27 21:13:12
613,brent57@example.com,aaronlamb@example.net,Phishing,Critical,Blocked,2026-04-02 11:32:11
614,joneskari@example.org,courtney00@example.net,Malicious Attachment,High,Quarantined,2026-01-29 22:32:11
615,reyesrobin@example.org,ann86@example.com,Phishing,Critical,Blocked,2026-04-14 08:45:30
616,lwallace@example.com,jessica61@example.net,Business Email Compromise,Low,Quarantined,2026-02-08 04:15:12
617,normasolomon@example.org,ijohnson@example.com,Business Email Compromise,Medium,Quarantined,2026-04-12 09:33:23
618,amy27@example.org,lyonsdanny@example.org,Malicious Attachment,Low,Delivered,2026-05-05 14:02:15
619,amartinez@example.com,smiller@example.org,Spoofing,Critical,Blocked,2026-04-08 23:53:11
620,winterskim@example.com,rhaynes@example.com,Spam,Low,Quarantined,2026-03-15 20:31:11
621,richardadkins@example.net,elizabethdelgado@example.org,Malicious Attachment,Critical,Delivered,2026-05-26 15:19:46
622,charlesfoster@example.com,portersteven@example.net,Business Email Compromise,Critical,Delivered,2026-05-15 09:01:01
623,fdavis@example.org,jonesbrittany@example.com,Malicious Attachment,Medium,Blocked,2026-02-22 04:19:07
624,trevorwilliamson@example.net,palmerchristopher@example.com,Malicious Attachment,High,Blocked,2026-02-11 14:54:34
625,xwilliams@example.net,amandawolf@example.net,Malicious Attachment,Critical,Quarantined,2026-05-15 19:04:34
626,smallhannah@example.com,wgregory@example.net,Spoofing,Critical,Delivered,2026-03-21 02:23:02
627,chadmeyer@example.org,logan02@example.org,Spoofing,High,Delivered,2026-03-19 06:13:02
628,matthewestrada@example.net,wilcoxpatrick@example.com,Phishing,Critical,Delivered,2026-04-06 08:39:22
629,bruce83@example.com,griffinjoshua@example.org,Business Email Compromise,Medium,Delivered,2026-04-02 11:21:49
630,danielkevin@example.org,rbradley@example.com,Business Email Compromise,Medium,Blocked,2026-01-06 01:01:11
631,amy14@example.com,uford@example.net,Phishing,Medium,Delivered,2026-02-03 05:49:40
632,wilsontina@example.org,joshuamartinez@example.org,Spoofing,Critical,Delivered,2026-01-20 02:22:24
633,tracymercado@example.com,ftorres@example.org,Spam,Critical,Blocked,2026-05-03 04:58:12
634,brian76@example.net,amyjohnson@example.net,Spoofing,Critical,Quarantined,2026-03-21 15:01:12
635,ejackson@example.org,blackandre@example.net,Spoofing,Critical,Blocked,2026-02-27 23:57:28
636,jvaldez@example.net,bbest@example.com,Business Email Compromise,High,Blocked,2026-03-21 05:39:22
637,deborahmiller@example.com,robert79@example.com,Spam,Low,Quarantined,2026-01-07 04:17:58
638,molly98@example.org,westmatthew@example.org,Malicious Attachment,Critical,Delivered,2026-05-24 05:39:19
639,crystal37@example.org,taylorvictor@example.com,Spoofing,High,Quarantined,2026-01-31 17:23:19
640,timothy03@example.org,turnercourtney@example.org,Spam,Critical,Delivered,2026-01-24 15:53:07
641,kristenpowers@example.com,laurenturner@example.org,Spoofing,Low,Blocked,2026-04-14 05:15:01
642,martinezmatthew@example.org,craig86@example.net,Business Email Compromise,High,Quarantined,2026-04-01 07:15:31
643,fwang@example.com,stephenschristopher@example.com,Spam,Low,Delivered,2026-01-17 04:27:21
644,michelledavis@example.net,tvargas@example.net,Spoofing,Low,Delivered,2026-05-20 03:43:03
645,charlesjacqueline@example.net,acostasabrina@example.net,Malicious Attachment,Medium,Blocked,2026-01-03 06:50:28
646,michael40@example.com,bsmith@example.com,Business Email Compromise,Critical,Delivered,2026-01-26 07:14:20
647,berrynicole@example.org,samuel58@example.com,Business Email Compromise,Low,Delivered,2026-02-21 21:09:35
648,powellsamuel@example.org,samanthahendricks@example.com,Spam,High,Quarantined,2026-04-20 15:19:46
649,derekoconnell@example.net,geraldcole@example.org,Phishing,Critical,Blocked,2026-05-18 22:41:27
650,brandiburton@example.org,munozmichael@example.net,Spoofing,Critical,Delivered,2026-03-10 16:36:36
651,uhendricks@example.net,strevino@example.net,Spoofing,Medium,Delivered,2026-04-08 08:27:03
652,chadmoore@example.com,hspears@example.net,Business Email Compromise,Critical,Blocked,2026-01-11 13:39:36
653,xpadilla@example.com,cpayne@example.net,Malicious Attachment,Critical,Delivered,2026-02-24 05:55:12
654,michael75@example.com,dhernandez@example.com,Malicious Attachment,Low,Blocked,2026-03-06 11:29:11
655,gsimpson@example.com,robertsonlinda@example.org,Spoofing,Medium,Delivered,2026-04-01 22:37:15
656,amy31@example.net,joshua37@example.com,Phishing,Low,Blocked,2026-05-24 03:00:53
657,haneydonna@example.com,jmichael@example.org,Spam,Medium,Delivered,2026-05-21 22:20:42
658,xbrooks@example.net,cainjustin@example.net,Spam,High,Delivered,2026-03-04 16:19:24
659,lambmonique@example.org,steven95@example.com,Phishing,High,Blocked,2026-04-11 19:40:32
660,navarrocourtney@example.org,martinezmallory@example.org,Phishing,Medium,Delivered,2026-04-15 13:29:53
661,andrea67@example.org,kmcdonald@example.org,Phishing,Medium,Delivered,2026-05-13 05:36:44
662,chartman@example.org,james70@example.org,Malicious Attachment,Critical,Blocked,2026-02-08 04:08:43
663,ayoung@example.com,amber86@example.net,Phishing,High,Delivered,2026-05-02 05:17:45
664,csmith@example.org,shawn01@example.net,Business Email Compromise,Low,Quarantined,2026-02-28 17:21:20
665,jbailey@example.org,kennedykristie@example.com,Malicious Attachment,Low,Quarantined,2026-04-05 18:09:14
666,westamanda@example.com,vargasrobin@example.com,Spam,Critical,Blocked,2026-02-21 18:12:33
667,charlesalyssa@example.com,cchambers@example.net,Spoofing,Low,Quarantined,2026-05-08 00:45:16
668,andreawilliamson@example.net,tiffany43@example.org,Phishing,Critical,Delivered,2026-04-08 19:22:07
669,daniel80@example.com,dhutchinson@example.com,Spam,Low,Blocked,2026-05-24 17:36:35
670,kimrhonda@example.org,kmueller@example.com,Spam,Medium,Quarantined,2026-02-04 05:48:46
671,christopherjohnston@example.com,travis63@example.org,Business Email Compromise,Medium,Quarantined,2026-02-11 03:19:44
672,lawsonsusan@example.net,wayneford@example.net,Spam,Low,Quarantined,2026-05-11 22:17:44
673,paul31@example.net,cmoss@example.com,Business Email Compromise,Medium,Quarantined,2026-01-17 22:26:11
674,tvelazquez@example.net,robertjohnson@example.com,Malicious Attachment,Critical,Quarantined,2026-01-12 13:05:01
675,williamwatson@example.net,hector79@example.net,Spoofing,Low,Blocked,2026-04-01 11:17:00
676,csims@example.com,millerdavid@example.org,Malicious Attachment,Low,Blocked,2026-04-22 23:39:52
677,yjohnson@example.net,wgreene@example.com,Malicious Attachment,Low,Quarantined,2026-01-08 05:32:51
678,thomas16@example.net,jonesjonathan@example.net,Malicious Attachment,High,Delivered,2026-01-03 15:00:54
679,pfletcher@example.com,dariusmiller@example.org,Spam,Critical,Blocked,2026-05-14 06:59:45
680,ryanwagner@example.com,frederick24@example.net,Spoofing,High,Blocked,2026-02-06 23:01:41
681,buckroger@example.org,angela06@example.com,Phishing,Low,Quarantined,2026-04-22 11:11:21
682,gadams@example.org,brooke86@example.com,Business Email Compromise,Medium,Delivered,2026-01-24 22:35:05
683,singhmichele@example.org,shahjason@example.org,Spoofing,Critical,Blocked,2026-02-27 07:57:43
684,vegachelsea@example.org,taylorshaw@example.com,Spoofing,Medium,Quarantined,2026-04-21 04:18:30
685,pruittbrandon@example.org,kristina24@example.org,Spam,High,Quarantined,2026-04-18 17:11:05
686,rosejessica@example.net,fisherkyle@example.org,Phishing,Critical,Blocked,2026-02-26 14:38:50
687,joan11@example.com,jonesjorge@example.org,Business Email Compromise,High,Quarantined,2026-05-25 21:52:19
688,francoclayton@example.com,albertjohnson@example.com,Spoofing,High,Quarantined,2026-03-25 15:18:09
689,amandareyes@example.org,qthomas@example.net,Business Email Compromise,Medium,Delivered,2026-05-22 22:17:15
690,luke77@example.net,bakerpatrick@example.org,Spoofing,Critical,Delivered,2026-04-18 01:53:51
691,ymcdowell@example.com,ricedouglas@example.org,Malicious Attachment,High,Quarantined,2026-02-23 17:14:10
692,stacy38@example.net,dclarke@example.com,Business Email Compromise,Low,Blocked,2026-04-20 14:43:04
693,williamlarson@example.org,karen62@example.org,Malicious Attachment,High,Quarantined,2026-04-19 01:48:23
694,johnsonstephen@example.org,brian69@example.net,Malicious Attachment,High,Blocked,2026-03-03 15:30:22
695,qlarson@example.com,russotricia@example.com,Spam,Critical,Delivered,2026-04-07 12:56:27
696,sean85@example.org,michael16@example.org,Business Email Compromise,High,Quarantined,2026-03-14 14:13:48
697,tammyevans@example.net,dayers@example.org,Business Email Compromise,Low,Delivered,2026-01-26 10:21:33
698,icallahan@example.net,randywalker@example.com,Business Email Compromise,High,Delivered,2026-04-30 00:39:07
699,kdickson@example.com,tylerruben@example.com,Business Email Compromise,Medium,Delivered,2026-04-20 20:40:12
700,ugraham@example.com,murphyerin@example.com,Business Email Compromise,Medium,Blocked,2026-01-14 03:22:48
701,iblair@example.com,pchapman@example.org,Spoofing,Medium,Quarantined,2026-05-22 19:12:10
702,halljoshua@example.net,walshsarah@example.org,Spoofing,Medium,Blocked,2026-05-14 13:22:28
703,bowmanmartin@example.com,ricetiffany@example.net,Malicious Attachment,Critical,Blocked,2026-03-20 04:36:17
704,danielle64@example.net,kimandrew@example.net,Spam,Medium,Delivered,2026-05-09 06:13:00
705,dalton13@example.com,gina41@example.org,Spoofing,High,Blocked,2026-05-10 02:46:32
706,kelsey22@example.net,baileysheri@example.net,Phishing,Critical,Quarantined,2026-05-25 06:08:33
707,dflores@example.com,codyjensen@example.net,Malicious Attachment,High,Delivered,2026-01-25 00:13:48
708,robertpotter@example.com,rmartin@example.org,Business Email Compromise,Medium,Delivered,2026-03-18 07:59:29
709,daviscraig@example.com,andrew22@example.com,Spoofing,Low,Delivered,2026-02-19 16:40:02
710,brittany89@example.net,dereknavarro@example.com,Malicious Attachment,Critical,Quarantined,2026-05-08 07:50:41
711,qyoung@example.net,christinajames@example.org,Malicious Attachment,Medium,Quarantined,2026-01-16 00:18:40
712,whitebrooke@example.org,alyssaskinner@example.com,Phishing,Critical,Quarantined,2026-04-02 05:47:26
713,brownchristina@example.com,dsimpson@example.com,Spam,Critical,Blocked,2026-05-03 21:10:47
714,cantudavid@example.com,james57@example.org,Spam,Critical,Quarantined,2026-04-07 12:44:29
715,joseph03@example.net,mary61@example.net,Spoofing,Critical,Delivered,2026-01-23 23:24:37
716,dwilliamson@example.net,michaelrodriguez@example.com,Spam,Critical,Blocked,2026-01-23 01:36:06
717,johnmitchell@example.org,jennifer43@example.net,Spoofing,High,Quarantined,2026-05-21 16:53:09
718,justin50@example.net,palmeryesenia@example.com,Business Email Compromise,High,Quarantined,2026-04-24 00:52:21
719,allencooper@example.net,breannatucker@example.org,Spoofing,High,Delivered,2026-05-06 16:20:26
720,gilbertkenneth@example.org,vstokes@example.net,Spam,High,Quarantined,2026-01-04 09:37:28
721,gmanning@example.com,justinburgess@example.org,Phishing,Low,Quarantined,2026-05-04 11:34:19
722,daniel55@example.org,sabrinafarrell@example.net,Malicious Attachment,Low,Quarantined,2026-02-16 12:43:43
723,mitchelleugene@example.net,danielle88@example.com,Business Email Compromise,Low,Delivered,2026-04-23 18:45:59
724,laura41@example.net,maxharvey@example.com,Phishing,Low,Quarantined,2026-03-17 20:58:57
725,rroberts@example.com,hoffmanshawn@example.com,Phishing,Critical,Blocked,2026-05-03 14:42:47
726,johnklein@example.com,jenniferdean@example.net,Spam,High,Blocked,2026-05-20 19:20:06
727,gpoole@example.com,wthompson@example.net,Phishing,Low,Delivered,2026-03-22 08:05:13
728,jessica30@example.org,gtorres@example.net,Spam,Medium,Delivered,2026-03-31 21:16:02
729,pwilliams@example.com,morrisjonathon@example.com,Phishing,High,Blocked,2026-05-09 15:21:49
730,broberts@example.com,flemingrandy@example.org,Business Email Compromise,Low,Delivered,2026-05-10 22:29:28
731,htaylor@example.com,whiteronald@example.org,Malicious Attachment,Critical,Blocked,2026-04-11 00:21:46
732,oestes@example.org,kyleramos@example.net,Business Email Compromise,Medium,Delivered,2026-05-15 17:40:56
733,greenbethany@example.com,elizabethwebb@example.org,Spoofing,Medium,Quarantined,2026-01-11 05:04:35
734,asmith@example.com,castillochristopher@example.net,Malicious Attachment,Low,Blocked,2026-02-27 09:38:00
735,william41@example.com,brittanyhenderson@example.org,Spam,Low,Blocked,2026-01-24 02:40:51
736,kristenprice@example.net,gsingh@example.net,Malicious Attachment,Critical,Blocked,2026-04-04 21:48:07
737,uwagner@example.com,meyerrobert@example.net,Malicious Attachment,High,Blocked,2026-05-10 03:55:01
738,durhamhayley@example.com,adrienne31@example.org,Business Email Compromise,Low,Blocked,2026-02-27 02:04:48
739,angela65@example.com,vaughnedward@example.net,Malicious Attachment,Low,Blocked,2026-05-16 08:54:02
740,vlopez@example.org,brettwest@example.org,Phishing,Low,Delivered,2026-03-08 22:43:28
741,robert60@example.org,wilsonroger@example.org,Spam,Medium,Quarantined,2026-01-16 04:17:28
742,gjohnson@example.org,timothy97@example.com,Phishing,Critical,Blocked,2026-05-16 09:19:45
743,franklinlisa@example.org,lhamilton@example.org,Phishing,High,Delivered,2026-02-27 05:14:59
744,mark57@example.org,kriley@example.com,Phishing,Critical,Quarantined,2026-03-05 11:29:09
745,brivera@example.org,brittanyharrison@example.org,Spam,Low,Delivered,2026-04-20 17:01:45
746,johnsonjames@example.org,wattsmary@example.org,Malicious Attachment,Low,Delivered,2026-01-29 00:55:17
747,lori77@example.org,kylehopkins@example.com,Spoofing,Low,Blocked,2026-05-27 06:42:37
748,johnsondaniel@example.com,qhendricks@example.com,Phishing,Critical,Quarantined,2026-04-02 03:47:43
749,christianstone@example.org,jacob61@example.com,Business Email Compromise,Medium,Blocked,2026-03-29 00:47:40
750,savannahmiller@example.net,meyermatthew@example.net,Spam,Low,Blocked,2026-03-26 21:41:54
751,barbararoberson@example.com,jamesgonzalez@example.net,Malicious Attachment,Medium,Quarantined,2026-01-19 09:48:39
752,yrodriguez@example.net,vlarsen@example.net,Malicious Attachment,Critical,Delivered,2026-01-01 13:54:27
753,jessica05@example.org,davidanderson@example.net,Spoofing,High,Quarantined,2026-02-09 02:45:18
754,jacksonjeffery@example.com,carriediaz@example.com,Business Email Compromise,Medium,Quarantined,2026-05-20 03:11:22
755,bjames@example.net,ryanhannah@example.net,Spam,High,Blocked,2026-03-11 17:24:22
756,bmoore@example.net,brandonjames@example.com,Spoofing,Critical,Quarantined,2026-03-24 11:54:32
757,jacobbutler@example.com,ybarr@example.org,Spam,High,Blocked,2026-02-04 19:18:27
758,michelle48@example.org,shafferadrienne@example.com,Malicious Attachment,Low,Blocked,2026-02-09 13:48:06
759,hayden09@example.org,stevenlopez@example.net,Business Email Compromise,Medium,Blocked,2026-01-25 13:05:49
760,joshua97@example.net,terri19@example.org,Phishing,Critical,Delivered,2026-03-02 07:50:58
761,vcunningham@example.org,singhjames@example.net,Business Email Compromise,Medium,Blocked,2026-02-03 17:56:49
762,kellygonzales@example.com,andreastout@example.com,Malicious Attachment,Low,Blocked,2026-01-03 05:06:59
763,mcdanielrichard@example.com,pamela77@example.org,Spoofing,Critical,Blocked,2026-02-07 01:28:06
764,michael63@example.org,greersarah@example.com,Phishing,Low,Delivered,2026-03-26 19:38:55
765,wilkinsedward@example.net,adamwatts@example.com,Spoofing,High,Blocked,2026-05-09 02:23:18
766,aperkins@example.org,jennamcdaniel@example.com,Spoofing,High,Blocked,2026-05-24 06:07:14
767,hbeck@example.org,tfaulkner@example.com,Business Email Compromise,Low,Delivered,2026-03-25 15:57:56
768,manndavid@example.net,thomasalexander@example.org,Spoofing,Medium,Quarantined,2026-03-22 05:03:13
769,garrettshelby@example.org,wagnerjeffery@example.net,Phishing,Medium,Blocked,2026-02-11 17:32:30
770,michelle71@example.net,maxwelldeborah@example.com,Spoofing,High,Quarantined,2026-02-15 04:45:16
771,oaguilar@example.net,huffmanbrian@example.net,Spoofing,Low,Delivered,2026-02-01 23:41:47
772,robynpeterson@example.org,heatherharmon@example.net,Spoofing,Medium,Blocked,2026-04-13 08:03:42
773,fcameron@example.org,alexis04@example.com,Spoofing,Critical,Blocked,2026-02-19 01:22:40
774,zbolton@example.net,kevinmartin@example.com,Business Email Compromise,Low,Delivered,2026-02-16 15:34:08
775,jeffreyhernandez@example.com,andrew58@example.org,Malicious Attachment,Critical,Delivered,2026-05-15 00:19:11
776,ethanali@example.org,mcbridetammy@example.org,Spoofing,Medium,Delivered,2026-02-28 08:07:04
777,david81@example.com,browndean@example.org,Malicious Attachment,Critical,Quarantined,2026-03-10 00:02:18
778,gsantiago@example.com,cookemaria@example.com,Malicious Attachment,Low,Quarantined,2026-04-15 08:47:33
779,hannah18@example.com,wcruz@example.com,Spoofing,Critical,Quarantined,2026-03-22 14:55:03
780,thompsonjared@example.com,laura60@example.net,Spoofing,Medium,Delivered,2026-04-09 13:00:26
781,lucasbrett@example.net,ubarber@example.net,Malicious Attachment,Low,Blocked,2026-05-26 05:40:33
782,anna96@example.net,blang@example.net,Business Email Compromise,Critical,Blocked,2026-01-27 21:08:53
783,pphillips@example.com,andersonvictor@example.org,Phishing,Medium,Blocked,2026-03-07 20:27:22
784,rhodesdaniel@example.net,tonya22@example.com,Phishing,Low,Delivered,2026-02-19 15:28:05
785,terri44@example.com,medinawendy@example.net,Business Email Compromise,Medium,Quarantined,2026-01-11 21:12:58
786,nicole17@example.com,jonesjamie@example.com,Spam,Low,Quarantined,2026-03-17 07:58:29
787,vgutierrez@example.org,fmitchell@example.org,Phishing,High,Quarantined,2026-01-15 15:54:12
788,rachel75@example.net,qduncan@example.net,Phishing,High,Delivered,2026-03-09 22:58:54
789,darren28@example.net,theresa42@example.org,Spam,High,Quarantined,2026-04-01 00:58:48
790,riveracraig@example.net,estevens@example.net,Business Email Compromise,Low,Delivered,2026-02-19 01:24:53
791,tmorris@example.com,david91@example.org,Business Email Compromise,Critical,Delivered,2026-04-05 13:52:39
792,tmartinez@example.com,bergererik@example.net,Malicious Attachment,High,Quarantined,2026-05-23 01:16:45
793,brittany00@example.com,vsmith@example.com,Phishing,Low,Blocked,2026-04-27 10:19:24
794,julie97@example.com,williamsmarco@example.com,Business Email Compromise,High,Blocked,2026-01-30 16:13:18
795,daisy65@example.com,tylershea@example.org,Spam,Medium,Blocked,2026-05-02 15:35:28
796,colemandiana@example.org,anthony03@example.com,Phishing,High,Quarantined,2026-04-07 18:45:17
797,johnsonkim@example.com,wesley32@example.com,Spam,Low,Quarantined,2026-05-15 09:32:36
798,hernandezlindsay@example.com,jenniferhaney@example.org,Malicious Attachment,Critical,Blocked,2026-01-31 20:30:16
799,jason67@example.org,amyjohnson@example.com,Spam,Low,Quarantined,2026-01-04 17:08:55
800,iflores@example.org,ydavis@example.com,Spam,Critical,Delivered,2026-02-09 01:31:04
801,jonathanhicks@example.com,lpeterson@example.net,Spam,High,Blocked,2026-04-14 02:34:20
802,andradekaren@example.net,paulhartman@example.com,Business Email Compromise,Low,Quarantined,2026-05-17 23:34:56
803,fgarcia@example.org,oboyle@example.net,Spam,Low,Quarantined,2026-03-26 16:33:06
804,edward60@example.org,brentberry@example.org,Spam,High,Quarantined,2026-01-26 12:14:47
805,seanphelps@example.org,virginia53@example.org,Spoofing,Critical,Delivered,2026-01-14 17:14:13
806,tfaulkner@example.org,scottharris@example.net,Malicious Attachment,High,Quarantined,2026-02-07 12:49:15
807,jasmine54@example.com,ericlittle@example.net,Spam,Low,Quarantined,2026-03-23 10:01:06
808,ashleyweiss@example.com,wilkinsbruce@example.com,Spoofing,Medium,Delivered,2026-05-01 04:43:17
809,riveratammy@example.com,patricia67@example.org,Business Email Compromise,Low,Blocked,2026-02-03 16:51:52
810,suarezkayla@example.net,sharonbailey@example.com,Spoofing,High,Quarantined,2026-04-15 19:13:03
811,nfriedman@example.org,joshuajohnston@example.com,Phishing,High,Delivered,2026-01-31 16:42:37
812,andrewsanchez@example.net,briansimmons@example.net,Malicious Attachment,Low,Delivered,2026-02-20 00:22:18
813,zdudley@example.org,christopherhernandez@example.org,Phishing,High,Blocked,2026-05-18 18:14:48
814,sanchezdenise@example.com,alicia71@example.com,Phishing,Medium,Delivered,2026-05-01 07:41:38
815,arellanokaren@example.org,conniemoore@example.com,Phishing,High,Delivered,2026-02-15 19:25:55
816,obernard@example.org,caleb04@example.org,Malicious Attachment,Critical,Delivered,2026-01-30 09:38:54
817,lmartinez@example.com,pattersonlucas@example.net,Phishing,Critical,Blocked,2026-02-19 16:23:47
818,jennifer22@example.org,hernandezkristin@example.org,Malicious Attachment,Critical,Delivered,2026-05-02 10:19:54
819,xking@example.net,handerson@example.org,Spam,Low,Quarantined,2026-03-12 21:27:29
820,whitejessica@example.com,tylerwolf@example.net,Malicious Attachment,Critical,Delivered,2026-01-07 05:24:35
821,erin76@example.net,erica31@example.org,Malicious Attachment,High,Delivered,2026-05-05 22:22:21
822,danielwoods@example.org,patriciaharrell@example.com,Phishing,High,Quarantined,2026-02-22 23:15:17
823,michaelashley@example.com,hamiltoncynthia@example.com,Spam,High,Delivered,2026-05-18 23:41:03
824,michellefrost@example.net,browncarlos@example.com,Spam,Low,Quarantined,2026-04-29 23:01:48
825,wilsonalexander@example.com,hallnathan@example.com,Spoofing,High,Delivered,2026-05-07 07:50:53
826,hudsonjoseph@example.org,ochristensen@example.com,Business Email Compromise,High,Delivered,2026-04-25 22:34:25
827,sarahpearson@example.net,whiteangie@example.net,Phishing,Critical,Blocked,2026-02-08 19:24:54
828,pauladams@example.net,wagnermatthew@example.org,Business Email Compromise,High,Blocked,2026-01-22 14:44:20
829,dgarcia@example.net,sampsontaylor@example.org,Malicious Attachment,High,Quarantined,2026-02-21 22:49:06
830,joseph08@example.com,zbarker@example.com,Spam,Low,Delivered,2026-03-30 11:43:39
831,eduardo25@example.com,erica98@example.com,Spoofing,Medium,Delivered,2026-01-26 10:53:04
832,pflynn@example.net,kurtrodgers@example.com,Spam,Low,Quarantined,2026-04-22 14:37:57
833,olarson@example.org,marquezmichele@example.org,Malicious Attachment,Medium,Blocked,2026-04-23 00:52:24
834,jkelly@example.net,patricia08@example.net,Phishing,Low,Quarantined,2026-04-25 15:47:28
835,khanjoseph@example.org,kelseyacosta@example.com,Spoofing,High,Delivered,2026-04-29 00:04:48
836,charles60@example.com,kevinhuff@example.net,Spoofing,Critical,Delivered,2026-05-13 02:03:38
837,jordansmith@example.net,amy12@example.net,Business Email Compromise,Critical,Blocked,2026-04-27 05:27:13
838,ywhite@example.org,desireezimmerman@example.com,Spam,Low,Blocked,2026-04-13 01:53:32
839,timothyroberts@example.com,billymartin@example.net,Malicious Attachment,Critical,Delivered,2026-03-17 21:25:10
840,richardbrown@example.com,ubryant@example.net,Spoofing,High,Blocked,2026-01-19 09:09:57
841,madisonschwartz@example.com,gwilliams@example.org,Phishing,Low,Delivered,2026-03-12 23:55:57
842,ochoarichard@example.net,davisvincent@example.com,Business Email Compromise,Medium,Delivered,2026-03-02 16:18:58
843,carnold@example.net,bakertrevor@example.org,Business Email Compromise,Critical,Blocked,2026-05-08 07:08:01
844,brucegibson@example.org,qhawkins@example.net,Malicious Attachment,High,Blocked,2026-05-19 12:02:34
845,rbowen@example.net,eric67@example.org,Spam,Low,Quarantined,2026-03-03 09:07:15
846,richard36@example.net,marvin86@example.org,Spoofing,Critical,Quarantined,2026-01-16 07:05:08
847,charles09@example.net,sanchezbryce@example.com,Malicious Attachment,Low,Quarantined,2026-04-26 10:24:33
848,edward24@example.net,joseph30@example.com,Spam,Low,Quarantined,2026-05-23 04:04:35
849,zmccormick@example.com,bonillatimothy@example.net,Phishing,Medium,Delivered,2026-05-26 17:49:01
850,juanevans@example.com,brenda25@example.com,Phishing,High,Blocked,2026-02-25 14:52:55
851,anthony86@example.org,cody07@example.org,Business Email Compromise,Low,Quarantined,2026-01-08 13:29:42
852,johntorres@example.net,zramirez@example.net,Phishing,Low,Delivered,2026-02-18 00:57:16
853,thompsontim@example.org,kyliepeterson@example.org,Phishing,Low,Quarantined,2026-04-04 07:34:19
854,cathy23@example.net,taylorpreston@example.com,Phishing,Medium,Delivered,2026-04-01 10:00:28
855,dsoto@example.com,bwhite@example.com,Spoofing,Medium,Quarantined,2026-04-27 11:46:45
856,orrvictoria@example.org,morganhoward@example.org,Business Email Compromise,Critical,Delivered,2026-05-04 06:53:03
857,harrisvernon@example.net,lisagarner@example.com,Business Email Compromise,High,Delivered,2026-02-26 18:09:49
858,michael16@example.org,earlreynolds@example.net,Spoofing,High,Blocked,2026-04-23 14:37:14
859,tammyrose@example.net,charles26@example.org,Business Email Compromise,High,Quarantined,2026-04-15 08:08:47
860,xandrews@example.org,jodi94@example.com,Spoofing,Low,Quarantined,2026-04-26 16:04:01
861,mwoodard@example.com,carlreynolds@example.net,Spoofing,High,Blocked,2026-02-25 07:49:32
862,smithnicholas@example.net,nestrada@example.com,Phishing,Critical,Delivered,2026-02-05 02:48:38
863,natalieharrison@example.org,dfields@example.net,Phishing,Low,Delivered,2026-02-18 07:33:39
864,patricia19@example.net,zachary07@example.org,Spam,Low,Delivered,2026-03-24 22:14:06
865,justin92@example.net,kelsey25@example.com,Business Email Compromise,Low,Delivered,2026-01-13 02:36:41
866,perkinsyolanda@example.net,hendersontracey@example.net,Spam,Critical,Blocked,2026-02-03 02:18:55
867,danielpaige@example.org,yhunter@example.com,Phishing,High,Blocked,2026-02-02 20:35:09
868,timothymoyer@example.com,david35@example.net,Phishing,Medium,Delivered,2026-01-20 21:52:47
869,jeremiah89@example.org,qjones@example.org,Business Email Compromise,High,Blocked,2026-02-06 03:29:07
870,douglaswilson@example.com,nicolecollier@example.net,Spam,High,Delivered,2026-04-02 12:18:11
871,davisisaac@example.com,townsendjessica@example.com,Phishing,Critical,Blocked,2026-05-09 03:54:28
872,pam20@example.com,shortjamie@example.org,Spam,Medium,Blocked,2026-04-21 11:50:07
873,wharris@example.org,alvaradomichael@example.net,Spoofing,Low,Delivered,2026-05-20 06:04:30
874,jaimephillips@example.org,kentjean@example.net,Business Email Compromise,Critical,Delivered,2026-04-13 03:18:29
875,courtney27@example.net,jacksonangela@example.net,Spam,Medium,Blocked,2026-05-22 08:43:30
876,larry86@example.com,gomezlee@example.net,Phishing,Medium,Quarantined,2026-01-18 14:26:43
877,lewisjames@example.org,robertsjeremy@example.org,Phishing,Low,Quarantined,2026-01-19 02:43:46
878,stephanieharris@example.com,teresa06@example.com,Business Email Compromise,High,Blocked,2026-01-18 11:47:42
879,john16@example.com,fjefferson@example.org,Spam,High,Delivered,2026-01-09 20:00:00
880,mcdonaldsteven@example.net,jjones@example.org,Spam,Critical,Blocked,2026-01-19 16:37:00
881,duartepatricia@example.org,kingalexa@example.com,Spoofing,Low,Delivered,2026-01-20 20:48:06
882,alexandercervantes@example.com,toddamy@example.net,Business Email Compromise,Medium,Quarantined,2026-02-11 16:52:51
883,luis91@example.net,ubullock@example.net,Business Email Compromise,Critical,Quarantined,2026-02-25 21:41:31
884,susanwilliams@example.org,qowens@example.com,Spoofing,High,Delivered,2026-05-17 02:57:33
885,samanthalin@example.org,timothyrichardson@example.net,Spoofing,Medium,Delivered,2026-03-03 02:31:43
886,jenniferbryant@example.net,lorettalynch@example.org,Phishing,Medium,Delivered,2026-04-16 08:48:32
887,zdiaz@example.org,vlewis@example.net,Spam,Medium,Quarantined,2026-03-24 14:01:16
888,oritter@example.net,yramos@example.com,Spam,Medium,Quarantined,2026-03-22 12:42:33
889,larry24@example.net,quinndavid@example.com,Malicious Attachment,Low,Quarantined,2026-04-18 08:37:46
890,stephanie70@example.com,debrawood@example.com,Spoofing,Low,Quarantined,2026-03-09 02:59:10
891,twalls@example.net,olawson@example.net,Spoofing,High,Delivered,2026-03-24 09:47:46
892,smithmichael@example.org,fraziervictoria@example.net,Spam,Low,Delivered,2026-03-07 02:37:28
893,lyonspamela@example.com,falexander@example.com,Phishing,Critical,Delivered,2026-05-18 17:23:32
894,scottstacey@example.com,johnpacheco@example.net,Malicious Attachment,Critical,Delivered,2026-01-23 18:57:42
895,loribrown@example.net,eaustin@example.net,Spoofing,Critical,Quarantined,2026-02-15 10:11:36
896,laurenramirez@example.net,hscott@example.net,Spam,Critical,Quarantined,2026-01-28 17:58:00
897,deverett@example.com,jonathancollins@example.com,Malicious Attachment,Medium,Quarantined,2026-01-26 02:01:06
898,angel75@example.net,maldonadodanny@example.com,Spoofing,Medium,Delivered,2026-02-04 00:26:29
899,allen68@example.org,hicksbrian@example.com,Business Email Compromise,Low,Blocked,2026-04-14 20:43:49
900,hansoncrystal@example.net,uclark@example.org,Malicious Attachment,Medium,Blocked,2026-04-18 07:43:57
901,dylancole@example.net,diamond70@example.com,Phishing,High,Blocked,2026-03-25 03:31:44
902,lberry@example.org,matthewjones@example.com,Phishing,Low,Delivered,2026-02-18 04:27:39
903,susan19@example.com,christopher99@example.com,Phishing,High,Delivered,2026-01-24 00:23:33
904,karen66@example.com,zodonnell@example.net,Business Email Compromise,Low,Blocked,2026-05-16 21:05:38
905,shelby83@example.net,xkelly@example.org,Business Email Compromise,High,Delivered,2026-02-26 04:47:25
906,drew93@example.org,barberashley@example.net,Business Email Compromise,Medium,Blocked,2026-03-04 13:41:06
907,weeksdonna@example.org,mary49@example.org,Spoofing,High,Blocked,2026-05-10 12:18:59
908,floydmichael@example.com,sweaver@example.com,Business Email Compromise,Medium,Blocked,2026-04-23 12:41:25
909,fcontreras@example.net,fhoover@example.net,Phishing,Low,Blocked,2026-05-16 09:58:44
910,jennifer22@example.net,jennifer39@example.org,Malicious Attachment,Low,Quarantined,2026-03-23 18:44:50
911,robertsvictoria@example.com,smithgrace@example.com,Business Email Compromise,Medium,Quarantined,2026-05-08 21:57:31
912,patricklane@example.com,jennifer79@example.com,Business Email Compromise,Critical,Delivered,2026-02-02 21:58:50
913,tmoody@example.net,delacruznicholas@example.net,Phishing,Low,Blocked,2026-04-05 23:44:11
914,sheena26@example.com,ealexander@example.net,Spam,Critical,Blocked,2026-03-27 03:45:20
915,stacey04@example.org,jacob38@example.com,Spam,High,Delivered,2026-02-07 22:54:21
916,zachary39@example.com,ofaulkner@example.org,Spam,Medium,Blocked,2026-02-05 19:41:16
917,leslie20@example.net,hthornton@example.net,Malicious Attachment,Low,Blocked,2026-04-25 01:14:24
918,zsloan@example.com,wendymullins@example.net,Malicious Attachment,High,Quarantined,2026-04-18 22:37:51
919,lopezcory@example.com,janegonzalez@example.com,Spam,Medium,Blocked,2026-01-21 11:40:56
920,uturner@example.net,uray@example.com,Phishing,High,Blocked,2026-04-11 20:37:34
921,casemichelle@example.net,lauraburnett@example.com,Malicious Attachment,Critical,Blocked,2026-02-03 21:29:32
922,lisajones@example.com,derrick39@example.com,Business Email Compromise,High,Quarantined,2026-04-05 23:56:09
923,aarroyo@example.net,lopezlisa@example.net,Business Email Compromise,High,Blocked,2026-02-10 12:31:33
924,carrollcarrie@example.com,christiangarcia@example.net,Phishing,Critical,Quarantined,2026-04-30 05:03:35
925,phillip97@example.net,denisetrujillo@example.com,Spoofing,Critical,Quarantined,2026-04-05 15:21:50
926,jennifer24@example.net,danielrodriguez@example.com,Phishing,Critical,Blocked,2026-05-16 12:34:23
927,casey58@example.com,ethornton@example.org,Malicious Attachment,Critical,Delivered,2026-03-10 21:01:41
928,alexis68@example.com,tjones@example.net,Business Email Compromise,Low,Blocked,2026-01-14 03:12:56
929,rbrooks@example.com,sherifoley@example.com,Spoofing,Critical,Quarantined,2026-01-27 11:02:58
930,kthomas@example.net,davisamanda@example.net,Spam,Critical,Blocked,2026-03-30 15:05:18
931,taylormark@example.com,mthompson@example.net,Spoofing,Critical,Delivered,2026-02-26 02:07:40
932,stephanie22@example.com,ufoster@example.net,Phishing,Low,Quarantined,2026-05-18 21:18:13
933,hamiltoncody@example.com,brownjason@example.org,Malicious Attachment,Low,Delivered,2026-01-27 18:18:58
934,robertparker@example.org,jesse29@example.org,Spam,Critical,Quarantined,2026-02-22 17:43:54
935,timothy55@example.net,alan61@example.com,Phishing,Critical,Quarantined,2026-02-15 16:09:29
936,arowe@example.com,hancockkatie@example.org,Spoofing,Critical,Blocked,2026-03-27 22:42:29
937,anneglass@example.net,jmann@example.org,Business Email Compromise,Low,Blocked,2026-03-10 16:27:55
938,acostadouglas@example.com,elong@example.net,Spam,Low,Delivered,2026-03-02 07:05:55
939,reyesbrooke@example.net,john44@example.org,Malicious Attachment,High,Blocked,2026-03-13 16:26:26
940,james25@example.net,william66@example.net,Business Email Compromise,Critical,Blocked,2026-02-06 16:49:52
941,ashley34@example.net,sean48@example.net,Business Email Compromise,Medium,Delivered,2026-04-23 15:00:57
942,victorcook@example.net,moorekevin@example.org,Spam,Critical,Delivered,2026-05-14 13:39:34
943,bramsey@example.net,zacharymahoney@example.com,Spam,Medium,Blocked,2026-05-21 10:42:26
944,vtanner@example.org,jodigriffin@example.com,Malicious Attachment,High,Quarantined,2026-05-16 12:15:47
945,amylawson@example.net,charleswilliams@example.net,Spoofing,Low,Quarantined,2026-02-05 23:25:24
946,justintodd@example.com,hannah73@example.org,Phishing,Critical,Quarantined,2026-03-16 03:42:23
947,richardschmidt@example.org,barrettjustin@example.net,Spoofing,Critical,Delivered,2026-02-20 05:14:44
948,aaroncastro@example.org,keith53@example.com,Spoofing,Low,Delivered,2026-03-26 13:26:40
949,ellisjames@example.net,yyoung@example.org,Spam,Critical,Blocked,2026-05-27 23:09:02
950,sullivanjeffrey@example.net,fjohnson@example.org,Spoofing,Low,Delivered,2026-01-30 22:38:40
951,brenda26@example.com,yvette31@example.net,Spoofing,Critical,Quarantined,2026-01-31 05:58:54
952,norman09@example.org,laurenwilliams@example.com,Malicious Attachment,High,Delivered,2026-05-15 04:27:47
953,paul73@example.com,vchavez@example.org,Spam,High,Delivered,2026-01-10 23:18:15
954,nmartin@example.com,jacksonmichael@example.org,Spoofing,High,Blocked,2026-01-25 08:05:09
955,prosales@example.net,gwalton@example.org,Spam,High,Quarantined,2026-01-24 07:51:06
956,bstanley@example.org,arobinson@example.net,Phishing,Medium,Delivered,2026-03-14 09:07:11
957,angela18@example.net,rebeccamartinez@example.net,Spoofing,Critical,Quarantined,2026-04-10 00:41:22
958,nmcneil@example.net,ryangreen@example.net,Malicious Attachment,Low,Delivered,2026-03-27 21:59:16
959,jjoseph@example.org,yangbonnie@example.net,Spam,Critical,Delivered,2026-04-18 15:23:21
960,mcgrathjohn@example.net,dawnirwin@example.net,Spam,Low,Delivered,2026-05-16 18:41:25
961,michael93@example.org,fwatson@example.net,Spam,High,Blocked,2026-04-28 15:08:09
962,patrick40@example.net,lisagordon@example.org,Spam,Medium,Blocked,2026-02-27 21:15:40
963,daryl18@example.net,porteranna@example.net,Business Email Compromise,High,Blocked,2026-02-25 10:38:22
964,millsrobert@example.net,johnsontroy@example.net,Spoofing,Medium,Delivered,2026-02-21 06:25:20
965,rebecca91@example.com,patriciamann@example.org,Spam,High,Quarantined,2026-02-03 00:15:19
966,jreed@example.net,richardkelly@example.com,Spam,Medium,Quarantined,2026-04-29 06:24:17
967,williammullen@example.org,eavila@example.org,Spoofing,Low,Blocked,2026-03-03 13:07:46
968,karen41@example.net,ryangabrielle@example.org,Phishing,High,Quarantined,2026-05-09 04:14:07
969,dchase@example.net,william80@example.org,Business Email Compromise,High,Delivered,2026-02-23 03:43:25
970,valerie63@example.org,turnercharles@example.com,Malicious Attachment,High,Quarantined,2026-01-10 18:58:11
971,dberg@example.org,edwardseric@example.net,Business Email Compromise,Low,Blocked,2026-01-14 14:13:24
972,haley19@example.net,jesussantos@example.com,Business Email Compromise,Low,Quarantined,2026-03-27 17:10:45
973,ugonzales@example.com,zlandry@example.net,Spoofing,High,Blocked,2026-03-29 10:35:20
974,carlos59@example.com,anthonyrachel@example.org,Spam,Critical,Blocked,2026-04-29 14:29:47
975,mosseric@example.org,brandon97@example.com,Phishing,Medium,Quarantined,2026-03-24 10:49:14
976,olsoncameron@example.org,sharrison@example.com,Malicious Attachment,Medium,Blocked,2026-01-21 00:55:28
977,briantorres@example.net,justin91@example.org,Business Email Compromise,High,Delivered,2026-01-06 05:31:17
978,meghan71@example.com,melissafloyd@example.com,Spoofing,Medium,Blocked,2026-02-18 19:02:44
979,jeffreycarson@example.net,raymondrodgers@example.net,Spam,High,Delivered,2026-04-03 15:59:17
980,cooperaustin@example.org,brandonwilliams@example.com,Phishing,Low,Quarantined,2026-03-20 18:55:06
981,eric04@example.net,fhoffman@example.org,Malicious Attachment,Medium,Blocked,2026-02-20 01:44:21
982,jonesangela@example.net,rasmussenmartin@example.org,Business Email Compromise,High,Quarantined,2026-04-24 08:22:15
983,jasongriffith@example.org,hhuang@example.net,Spam,Medium,Delivered,2026-05-13 10:56:08
984,tonya08@example.org,hendersonpaula@example.net,Malicious Attachment,Critical,Delivered,2026-04-13 16:45:09
985,tracygonzalez@example.net,andrew69@example.com,Business Email Compromise,High,Quarantined,2026-03-31 04:38:49
986,lucas46@example.org,brenda48@example.net,Spam,Critical,Delivered,2026-03-03 14:27:19
987,wdonovan@example.org,rhickman@example.net,Malicious Attachment,High,Quarantined,2026-03-29 21:37:54
988,hendersonlarry@example.com,iknight@example.com,Spoofing,Low,Quarantined,2026-03-24 22:17:55
989,dixonharold@example.net,kevin95@example.net,Spoofing,Critical,Quarantined,2026-04-27 14:21:38
990,pcooper@example.com,glee@example.org,Business Email Compromise,Low,Blocked,2026-04-06 06:20:27
991,mcclainaaron@example.com,yvonne41@example.net,Malicious Attachment,High,Quarantined,2026-02-22 05:05:47
992,deborahthompson@example.com,donna66@example.net,Spoofing,High,Delivered,2026-04-24 03:26:55
993,christensenwilliam@example.org,navarroheather@example.net,Spoofing,High,Quarantined,2026-01-28 15:21:11
994,jenniferflores@example.org,williamsandrea@example.com,Malicious Attachment,Low,Blocked,2026-03-06 22:47:55
995,chavezchad@example.com,joshua02@example.org,Business Email Compromise,Critical,Blocked,2026-02-08 02:00:23
996,millerrachel@example.com,shannon17@example.net,Business Email Compromise,Medium,Delivered,2026-05-21 10:27:24
997,amandalogan@example.org,ilandry@example.org,Spoofing,High,Quarantined,2026-02-05 21:36:37
998,gwilson@example.com,ashley14@example.com,Malicious Attachment,High,Blocked,2026-04-02 04:51:52
999,hannahgonzalez@example.org,nmason@example.com,Spam,High,Quarantined,2026-03-05 05:01:18
1000,webbjames@example.org,sheila94@example.com,Business Email Compromise,Medium,Blocked,2026-01-09 18:33:01
