event_id,source_ip,destination_ip,port_number,attack_type,threat_level,country,protocol,action_taken,timestamp
1,120.69.250.147,86.170.171.114,36337,Phishing,Low,Lithuania,UDP,Blocked,2026-05-22 15:13:21
2,25.90.109.16,36.51.66.42,6841,DDoS,Critical,Paraguay,UDP,Allowed,2026-01-18 15:46:31
3,22.232.55.112,71.142.237.89,45792,SQL Injection,Critical,Poland,TCP,Blocked,2026-01-23 08:18:48
4,149.140.54.10,142.221.115.116,22881,SQL Injection,Medium,El Salvador,HTTP,Monitored,2026-05-24 05:10:52
5,133.211.235.26,64.98.34.70,5211,SQL Injection,Low,Gabon,HTTPS,Monitored,2026-02-03 22:03:51
6,126.103.242.74,183.208.49.200,1951,DDoS,Critical,Faroe Islands,TCP,Allowed,2026-03-16 13:35:54
7,192.29.208.110,121.27.66.29,12804,Phishing,Low,Bosnia and Herzegovina,HTTP,Monitored,2026-05-19 08:09:46
8,213.167.56.121,182.243.1.215,7413,Phishing,Low,Cocos (Keeling) Islands,TCP,Blocked,2026-03-31 13:49:31
9,187.252.87.171,39.157.238.147,46503,Phishing,High,Malawi,HTTPS,Allowed,2026-04-25 20:21:10
10,74.28.194.161,212.158.186.76,33169,SQL Injection,Critical,Saint Pierre and Miquelon,HTTP,Allowed,2026-03-30 02:02:09
11,196.231.42.192,211.1.227.163,20067,SQL Injection,Low,Greenland,HTTPS,Blocked,2026-05-01 01:08:00
12,31.235.34.21,169.1.187.244,44518,SQL Injection,High,Guyana,HTTPS,Allowed,2026-04-21 18:44:54
13,221.192.170.15,83.4.128.136,20471,SQL Injection,Low,Mongolia,TCP,Blocked,2026-04-21 02:48:37
14,104.114.190.27,81.200.201.172,16858,DDoS,High,Chile,TCP,Monitored,2026-02-25 22:26:55
15,51.211.89.144,186.148.77.116,4193,Phishing,High,Samoa,HTTPS,Blocked,2026-05-08 10:12:53
16,53.158.161.76,100.50.137.73,9963,Phishing,Medium,Guyana,HTTPS,Monitored,2026-04-06 06:49:20
17,111.221.244.87,174.146.136.217,59970,SQL Injection,Low,Guinea,UDP,Allowed,2026-04-30 04:28:08
18,154.69.55.159,130.4.120.229,5875,DDoS,High,Guernsey,UDP,Blocked,2026-03-07 18:20:24
19,146.170.220.98,148.87.175.244,24961,Brute Force,Critical,Papua New Guinea,UDP,Allowed,2026-01-15 09:22:51
20,208.88.41.24,217.66.15.238,14894,DDoS,Critical,El Salvador,UDP,Allowed,2026-05-14 16:54:32
21,137.157.26.140,66.149.232.188,23056,SQL Injection,Low,Northern Mariana Islands,HTTP,Blocked,2026-01-20 21:29:10
22,179.41.155.250,210.174.203.181,39709,Malware,Low,Armenia,HTTPS,Allowed,2026-01-03 22:54:40
23,151.31.29.69,145.156.170.140,50832,SQL Injection,Critical,United Arab Emirates,HTTP,Allowed,2026-05-17 19:32:01
24,132.96.83.185,167.41.55.101,11423,Brute Force,High,Poland,TCP,Blocked,2026-03-17 16:06:43
25,150.245.139.115,25.98.163.60,18354,DDoS,High,Brunei Darussalam,HTTPS,Monitored,2026-03-12 10:27:02
26,60.70.31.35,8.66.217.37,21656,SQL Injection,Critical,Bolivia,TCP,Monitored,2026-01-06 08:10:33
27,154.74.171.166,178.228.253.221,45040,DDoS,Low,Cayman Islands,HTTPS,Allowed,2026-01-14 14:24:41
28,123.209.20.83,214.175.138.13,34045,Brute Force,Low,Cote d'Ivoire,HTTP,Monitored,2026-01-06 22:55:47
29,4.164.227.2,96.142.130.116,65528,DDoS,Critical,Mali,TCP,Blocked,2026-05-22 19:56:47
30,134.29.240.111,32.25.19.205,61636,Malware,Low,Guatemala,HTTP,Allowed,2026-01-29 21:48:41
31,170.32.153.79,202.151.188.254,37348,Phishing,Medium,Kazakhstan,TCP,Blocked,2026-03-03 16:55:17
32,83.7.133.9,223.90.96.86,9361,SQL Injection,High,Japan,TCP,Monitored,2026-04-17 18:08:15
33,98.98.23.219,105.137.153.121,3749,SQL Injection,Critical,Greece,TCP,Blocked,2026-02-06 01:08:24
34,160.9.109.121,125.240.215.119,32004,SQL Injection,High,Norway,HTTPS,Allowed,2026-02-10 09:59:59
35,20.208.179.95,85.78.106.224,43113,DDoS,High,Guyana,TCP,Monitored,2026-05-05 02:04:15
36,205.245.254.224,11.136.149.22,31459,Malware,Low,Gibraltar,HTTPS,Monitored,2026-02-06 18:08:25
37,50.57.203.165,143.251.143.179,10754,Brute Force,Critical,Guam,TCP,Blocked,2026-02-14 07:37:11
38,209.113.100.5,105.28.211.14,25025,Phishing,Critical,Saint Pierre and Miquelon,UDP,Monitored,2026-03-31 06:25:21
39,173.62.205.182,216.12.142.166,26692,Brute Force,Critical,Cote d'Ivoire,HTTP,Allowed,2026-02-15 12:30:04
40,80.77.38.3,51.220.164.215,60118,SQL Injection,Low,South Georgia and the South Sandwich Islands,HTTP,Monitored,2026-01-23 16:32:13
41,65.220.216.32,167.228.186.90,10404,Brute Force,Critical,Lao People's Democratic Republic,HTTPS,Allowed,2026-01-10 04:02:37
42,183.128.170.118,220.103.49.61,32477,SQL Injection,High,United States of America,UDP,Blocked,2026-02-22 23:35:02
43,13.254.215.213,138.243.13.49,2427,DDoS,Low,India,HTTPS,Blocked,2026-05-04 14:45:27
44,189.6.146.248,24.120.92.217,3782,Phishing,Medium,Barbados,TCP,Blocked,2026-05-17 18:52:41
45,65.75.61.116,98.91.215.2,23572,Phishing,High,Congo,TCP,Blocked,2026-02-06 17:56:03
46,159.174.153.145,123.54.104.1,51169,Malware,Low,United States Virgin Islands,HTTP,Blocked,2026-03-04 22:27:29
47,22.188.161.58,102.183.28.71,46554,Brute Force,Low,Estonia,UDP,Monitored,2026-02-06 13:14:03
48,122.123.97.21,214.166.175.59,27316,DDoS,Critical,Croatia,HTTP,Blocked,2026-02-22 08:10:59
49,108.52.109.244,23.203.20.214,21786,DDoS,Medium,British Indian Ocean Territory (Chagos Archipelago),UDP,Blocked,2026-02-24 11:53:13
50,8.236.176.156,89.75.208.51,52244,Malware,Medium,Antigua and Barbuda,TCP,Allowed,2026-05-23 00:11:42
51,191.83.252.50,154.124.12.20,57203,Phishing,Medium,Mozambique,HTTPS,Monitored,2026-03-10 15:37:28
52,47.1.117.205,78.113.206.250,40503,Brute Force,Low,Christmas Island,HTTP,Blocked,2026-01-27 16:04:14
53,115.248.244.196,129.236.243.58,22144,SQL Injection,Low,Monaco,TCP,Monitored,2026-01-18 21:12:47
54,55.152.79.146,112.33.7.38,22969,DDoS,Medium,Central African Republic,UDP,Monitored,2026-01-20 02:18:02
55,175.35.24.126,93.118.198.21,8022,DDoS,Low,Isle of Man,TCP,Blocked,2026-02-14 09:29:00
56,218.159.57.18,160.116.212.254,35098,Brute Force,High,Ukraine,HTTP,Monitored,2026-02-16 12:31:00
57,151.211.146.255,20.129.85.48,54852,Brute Force,High,Italy,HTTPS,Allowed,2026-05-13 08:12:50
58,107.195.89.104,133.241.80.119,44057,Malware,Critical,Austria,HTTPS,Monitored,2026-03-29 06:00:27
59,28.4.188.19,8.116.195.31,63547,Malware,Low,Kiribati,HTTPS,Blocked,2026-05-06 03:34:40
60,96.31.100.51,130.232.209.154,36557,Malware,Low,Indonesia,UDP,Monitored,2026-02-08 05:27:40
61,199.72.161.237,73.118.185.85,36584,DDoS,High,Anguilla,HTTP,Blocked,2026-01-13 00:35:14
62,18.87.83.173,191.159.189.7,46935,SQL Injection,Medium,Syrian Arab Republic,HTTPS,Blocked,2026-01-05 05:20:39
63,183.214.11.147,91.229.114.223,6606,DDoS,Low,Mongolia,HTTPS,Blocked,2026-05-12 09:42:26
64,169.136.32.97,92.155.242.205,33369,DDoS,Medium,North Macedonia,TCP,Monitored,2026-05-23 18:04:58
65,98.22.176.158,34.168.7.19,38124,Phishing,Critical,Gibraltar,TCP,Blocked,2026-05-03 14:07:21
66,59.31.186.103,65.160.150.119,34416,DDoS,Low,Grenada,HTTPS,Allowed,2026-03-30 16:02:10
67,137.103.233.136,110.94.71.223,62843,Malware,Low,Timor-Leste,UDP,Blocked,2026-05-24 21:12:19
68,56.24.199.192,7.132.217.170,37423,Brute Force,Medium,Haiti,HTTP,Blocked,2026-04-05 09:57:23
69,117.42.198.83,153.237.213.104,5899,Phishing,Medium,Japan,UDP,Monitored,2026-05-08 12:06:35
70,214.30.92.33,194.34.154.33,63770,DDoS,Critical,Guam,HTTP,Blocked,2026-04-05 18:56:21
71,27.19.87.253,80.194.22.136,52484,DDoS,Medium,South Africa,HTTPS,Blocked,2026-04-18 21:29:37
72,46.196.222.159,211.246.11.141,57173,Malware,Low,Tuvalu,HTTPS,Blocked,2026-03-23 19:19:48
73,32.116.176.171,88.4.109.85,47487,Malware,Medium,Namibia,TCP,Blocked,2026-05-27 08:48:08
74,148.35.172.218,67.147.55.95,31836,Phishing,High,Northern Mariana Islands,HTTPS,Allowed,2026-01-01 19:55:49
75,2.187.13.171,50.154.179.17,250,DDoS,Low,Dominican Republic,HTTP,Monitored,2026-04-09 01:31:39
76,20.142.110.246,211.146.127.175,29037,Brute Force,High,Netherlands Antilles,TCP,Allowed,2026-03-10 05:34:57
77,91.68.120.94,63.212.176.27,37915,Brute Force,Critical,Kyrgyz Republic,HTTP,Monitored,2026-04-09 07:36:49
78,109.75.242.185,14.8.159.240,21784,Phishing,Low,Panama,TCP,Blocked,2026-01-02 13:53:42
79,209.90.38.235,31.151.112.142,23074,Phishing,High,Syrian Arab Republic,UDP,Allowed,2026-01-08 00:17:38
80,135.95.12.144,160.172.64.115,4673,Phishing,Low,Serbia,HTTPS,Monitored,2026-01-28 19:31:15
81,66.206.125.84,183.100.98.211,58550,Brute Force,Medium,Samoa,TCP,Monitored,2026-05-19 07:06:16
82,33.194.221.162,64.207.135.42,25147,DDoS,High,French Guiana,HTTPS,Monitored,2026-05-26 04:31:41
83,126.220.161.121,211.61.73.71,36493,Brute Force,Critical,Cuba,HTTPS,Allowed,2026-02-09 18:56:23
84,200.100.34.203,2.18.107.12,36965,Malware,Low,Uganda,UDP,Allowed,2026-02-25 09:28:32
85,78.46.212.120,93.22.63.118,10607,Phishing,Low,Portugal,TCP,Blocked,2026-03-25 08:05:27
86,173.145.250.105,139.90.174.210,65390,DDoS,Medium,Costa Rica,TCP,Blocked,2026-03-16 19:07:47
87,65.161.82.207,211.74.253.57,42915,SQL Injection,High,Turkmenistan,HTTP,Blocked,2026-03-13 21:05:05
88,221.191.103.194,167.235.40.171,28360,DDoS,Critical,Panama,HTTP,Blocked,2026-03-24 13:10:11
89,37.231.144.184,58.6.5.171,64713,SQL Injection,Critical,Austria,UDP,Blocked,2026-02-16 14:53:55
90,171.92.60.16,170.214.138.7,44090,Phishing,Medium,Jordan,TCP,Allowed,2026-02-10 20:12:06
91,36.39.242.83,101.29.157.150,23110,SQL Injection,High,Macao,TCP,Monitored,2026-04-22 12:30:25
92,204.188.217.36,48.236.227.34,32345,Phishing,Critical,Somalia,UDP,Monitored,2026-04-30 08:16:03
93,135.50.45.197,32.255.235.30,36157,DDoS,High,United Kingdom,TCP,Allowed,2026-05-27 07:26:15
94,151.172.97.154,113.170.154.113,13452,Malware,High,Netherlands,UDP,Blocked,2026-05-27 12:26:49
95,174.228.16.118,5.161.248.85,60432,SQL Injection,Low,Bangladesh,HTTP,Blocked,2026-04-02 01:46:13
96,12.216.75.218,204.109.14.146,14753,SQL Injection,Critical,Austria,UDP,Monitored,2026-05-07 07:38:43
97,176.24.184.8,56.10.143.72,46416,Brute Force,Critical,Wallis and Futuna,HTTP,Blocked,2026-03-30 01:39:54
98,139.157.43.133,57.197.47.174,51633,Phishing,Medium,Northern Mariana Islands,HTTPS,Blocked,2026-01-30 20:07:29
99,81.58.52.47,58.57.80.131,46210,DDoS,Medium,Lesotho,HTTPS,Blocked,2026-02-14 03:28:25
100,16.198.51.248,92.199.138.55,32393,Malware,Low,Chad,HTTPS,Blocked,2026-05-22 23:05:34
101,214.217.210.227,198.118.163.53,47971,Phishing,Medium,Bangladesh,TCP,Allowed,2026-04-27 19:24:17
102,5.139.213.179,59.235.49.159,17663,DDoS,Critical,Wallis and Futuna,UDP,Blocked,2026-03-03 07:11:59
103,51.81.218.44,116.137.246.75,29104,SQL Injection,Low,Korea,HTTPS,Monitored,2026-04-03 14:45:04
104,133.246.153.88,138.147.209.217,59847,DDoS,Low,Saint Pierre and Miquelon,HTTPS,Blocked,2026-04-07 03:25:02
105,161.34.46.15,147.232.27.124,47107,DDoS,Low,Malaysia,TCP,Blocked,2026-03-04 04:37:55
106,188.62.14.192,207.150.216.213,55207,Phishing,Low,Liberia,UDP,Blocked,2026-03-17 06:41:11
107,87.28.33.63,160.5.211.227,39595,DDoS,Critical,Pitcairn Islands,HTTPS,Allowed,2026-03-29 05:39:56
108,178.181.180.190,186.225.188.30,5692,Phishing,Medium,Kazakhstan,HTTPS,Blocked,2026-05-28 02:32:39
109,146.204.184.149,85.154.139.228,12923,Malware,Medium,Turkmenistan,UDP,Allowed,2026-01-09 22:05:36
110,24.86.22.224,210.173.17.127,14020,Brute Force,Medium,Germany,TCP,Allowed,2026-01-20 04:14:48
111,43.80.181.212,57.130.60.20,22123,Phishing,Medium,Madagascar,TCP,Allowed,2026-01-23 21:22:22
112,72.134.122.50,81.24.56.20,22190,SQL Injection,High,Tuvalu,TCP,Monitored,2026-01-29 22:16:19
113,11.147.5.211,60.62.234.68,49526,Phishing,Low,Bouvet Island (Bouvetoya),HTTP,Monitored,2026-05-03 21:01:10
114,141.23.42.120,34.137.3.186,45691,Brute Force,Low,Ghana,TCP,Monitored,2026-03-27 00:12:48
115,69.222.25.175,135.30.222.136,17378,Malware,High,Mauritius,TCP,Blocked,2026-04-20 04:17:20
116,48.169.175.91,25.198.61.35,49965,Brute Force,Medium,Cape Verde,HTTPS,Monitored,2026-02-27 01:42:52
117,155.172.172.90,157.161.90.109,30998,Malware,High,Egypt,TCP,Monitored,2026-02-25 10:16:27
118,158.45.165.75,167.114.154.248,58772,SQL Injection,Critical,Bangladesh,HTTPS,Allowed,2026-05-08 01:41:44
119,44.222.203.166,108.225.29.49,1964,Phishing,Critical,South Georgia and the South Sandwich Islands,HTTPS,Allowed,2026-03-03 08:44:05
120,172.220.159.187,82.114.184.155,9924,Brute Force,Critical,Turks and Caicos Islands,HTTP,Blocked,2026-04-13 11:27:25
121,170.119.124.116,136.168.57.181,14841,Phishing,Medium,France,UDP,Monitored,2026-02-28 00:51:58
122,87.148.233.231,188.81.30.86,10721,DDoS,High,India,UDP,Monitored,2026-02-08 12:56:37
123,66.217.227.70,146.240.197.5,27728,Phishing,Low,Ireland,TCP,Allowed,2026-02-02 05:05:23
124,111.40.25.1,111.8.122.199,33681,Malware,High,British Virgin Islands,TCP,Allowed,2026-01-14 02:17:06
125,110.11.157.79,221.232.106.71,7804,Malware,Low,Georgia,HTTP,Monitored,2026-04-30 05:07:04
126,165.194.79.68,197.65.253.1,14072,Phishing,Low,Jamaica,TCP,Monitored,2026-04-21 20:30:37
127,59.233.241.154,103.183.80.57,37757,Malware,Medium,Serbia,HTTPS,Allowed,2026-03-10 14:29:59
128,87.219.239.221,136.249.184.209,65310,Brute Force,Low,Bouvet Island (Bouvetoya),UDP,Blocked,2026-03-03 08:53:30
129,223.229.184.56,185.50.139.40,54193,Malware,Critical,Samoa,HTTPS,Allowed,2026-05-07 15:02:44
130,136.225.203.226,75.88.230.0,39372,Brute Force,Low,Switzerland,HTTPS,Monitored,2026-01-30 11:47:47
131,107.72.132.160,47.197.14.178,53978,Brute Force,High,Equatorial Guinea,HTTP,Monitored,2026-03-25 20:33:40
132,50.16.12.32,180.111.121.251,27638,Malware,Critical,Yemen,HTTPS,Monitored,2026-04-29 19:48:34
133,207.87.7.225,194.185.82.120,36751,SQL Injection,Critical,Croatia,UDP,Allowed,2026-05-02 22:15:26
134,14.234.95.216,115.99.59.170,14120,Brute Force,High,Bhutan,TCP,Allowed,2026-02-20 20:00:17
135,217.187.54.42,24.125.201.246,6611,Brute Force,Low,Tuvalu,HTTP,Allowed,2026-05-11 20:19:33
136,66.219.104.24,54.75.130.160,61727,Malware,Medium,Australia,HTTPS,Allowed,2026-01-15 13:04:16
137,100.27.129.18,8.72.148.185,16257,DDoS,Medium,Fiji,TCP,Blocked,2026-05-12 12:44:14
138,4.82.50.187,9.21.227.102,60298,Brute Force,Critical,Swaziland,UDP,Blocked,2026-03-03 11:15:05
139,126.177.87.179,143.141.236.136,43649,SQL Injection,High,Grenada,UDP,Allowed,2026-05-19 08:59:15
140,23.53.125.19,87.179.214.59,54319,SQL Injection,Low,Georgia,HTTP,Monitored,2026-04-29 08:37:09
141,120.97.122.206,73.187.11.67,19733,Phishing,Low,Romania,HTTP,Blocked,2026-01-21 21:17:29
142,7.29.134.24,218.126.17.71,30282,Brute Force,Low,Ireland,TCP,Allowed,2026-02-06 20:54:05
143,53.240.166.109,38.80.115.224,21773,Malware,High,Burundi,TCP,Monitored,2026-01-07 16:00:26
144,106.244.53.29,20.19.105.89,29944,SQL Injection,Critical,Dominica,TCP,Monitored,2026-02-04 07:51:48
145,46.75.199.215,124.248.51.49,43534,Malware,Low,Saint Vincent and the Grenadines,TCP,Allowed,2026-02-18 13:23:24
146,31.101.217.173,106.175.243.186,13488,Malware,Medium,Solomon Islands,HTTP,Monitored,2026-04-17 21:11:22
147,166.52.171.44,202.65.205.150,31626,Phishing,Critical,Peru,HTTP,Allowed,2026-01-22 21:07:36
148,107.116.212.190,123.104.204.125,32334,Malware,Medium,Micronesia,UDP,Blocked,2026-01-20 12:43:25
149,168.175.185.135,123.157.100.171,13365,DDoS,Critical,Central African Republic,UDP,Blocked,2026-03-30 04:04:36
150,52.140.52.74,136.143.170.35,30340,DDoS,High,Macao,UDP,Blocked,2026-03-13 08:49:16
151,59.147.129.147,84.10.230.9,30736,SQL Injection,Critical,North Macedonia,UDP,Allowed,2026-01-04 21:41:04
152,64.26.185.22,215.116.62.94,25045,Malware,Critical,Brazil,HTTP,Blocked,2026-04-23 05:12:58
153,78.138.108.194,202.35.206.58,55740,Brute Force,High,Iceland,HTTPS,Monitored,2026-03-29 20:31:26
154,198.146.192.147,61.130.197.31,27873,Malware,Critical,Guinea-Bissau,HTTP,Allowed,2026-05-12 03:07:18
155,168.119.123.9,34.74.169.96,57118,Phishing,Medium,Saint Vincent and the Grenadines,UDP,Blocked,2026-02-09 15:00:01
156,70.151.100.227,195.67.48.219,32928,Phishing,Low,United States of America,TCP,Monitored,2026-01-08 22:37:52
157,102.105.78.36,124.161.140.112,60333,Brute Force,Critical,Nicaragua,HTTPS,Allowed,2026-04-04 22:49:50
158,6.171.141.96,122.20.138.194,53355,Phishing,High,Falkland Islands (Malvinas),HTTP,Allowed,2026-01-23 18:12:34
159,74.240.47.8,132.154.231.248,35755,Malware,High,Kyrgyz Republic,HTTPS,Blocked,2026-05-17 12:46:14
160,128.8.240.150,192.223.255.77,30548,SQL Injection,High,Niger,HTTP,Blocked,2026-01-24 15:06:30
161,6.47.197.55,145.163.192.220,9212,Malware,High,Botswana,TCP,Monitored,2026-02-22 09:15:01
162,103.88.156.131,90.24.225.37,43512,DDoS,Medium,Montenegro,TCP,Allowed,2026-04-17 07:57:30
163,50.70.89.133,13.74.172.72,25031,Phishing,Critical,Kyrgyz Republic,TCP,Monitored,2026-03-28 23:35:06
164,207.208.252.152,221.129.26.206,10664,Brute Force,Medium,Bahrain,HTTPS,Allowed,2026-05-18 10:40:16
165,68.67.124.253,10.174.1.248,29153,Brute Force,Critical,Argentina,HTTPS,Blocked,2026-04-12 10:08:05
166,81.47.4.183,139.182.113.44,23667,Phishing,Critical,San Marino,HTTPS,Allowed,2026-02-12 14:19:48
167,203.142.147.19,28.125.245.189,46492,SQL Injection,Low,Belize,UDP,Allowed,2026-05-27 01:48:43
168,61.43.205.234,71.21.88.201,11015,Malware,Low,El Salvador,HTTPS,Blocked,2026-02-09 18:29:21
169,223.165.167.227,181.94.75.174,42668,Phishing,High,Liberia,UDP,Blocked,2026-04-29 14:27:31
170,78.114.142.11,99.85.233.119,42093,Malware,Low,Kazakhstan,HTTPS,Blocked,2026-02-03 01:19:09
171,94.170.122.76,147.195.45.122,64962,Phishing,Low,Falkland Islands (Malvinas),TCP,Monitored,2026-02-07 11:34:22
172,129.196.85.117,103.197.172.182,64925,DDoS,Low,Falkland Islands (Malvinas),HTTP,Blocked,2026-05-18 10:02:42
173,30.187.172.41,20.1.226.235,29663,SQL Injection,Medium,Namibia,HTTP,Allowed,2026-04-08 06:05:05
174,27.129.254.170,106.11.139.171,61792,Phishing,Low,Antarctica (the territory South of 60 deg S),HTTP,Monitored,2026-04-30 17:18:27
175,44.157.211.251,134.170.170.108,42535,SQL Injection,Medium,South Georgia and the South Sandwich Islands,UDP,Monitored,2026-05-26 04:21:58
176,115.43.117.96,78.90.200.240,26661,Brute Force,Medium,Seychelles,HTTPS,Allowed,2026-03-19 20:08:29
177,134.47.139.36,35.188.179.42,61633,Brute Force,Medium,Egypt,TCP,Allowed,2026-03-04 21:00:33
178,56.225.101.84,88.207.221.39,16543,DDoS,Low,Barbados,TCP,Allowed,2026-02-04 13:50:25
179,102.245.51.104,10.244.28.135,35522,DDoS,Low,Yemen,HTTPS,Monitored,2026-03-13 16:17:58
180,135.91.64.164,118.29.110.205,11067,Phishing,High,Estonia,TCP,Monitored,2026-01-16 18:45:15
181,139.168.121.252,128.183.170.38,30107,DDoS,High,Bosnia and Herzegovina,UDP,Monitored,2026-02-01 08:09:06
182,220.207.82.27,65.65.107.249,53827,DDoS,Medium,Honduras,TCP,Allowed,2026-01-22 00:48:49
183,143.198.121.32,161.46.230.40,56670,Phishing,Critical,Malaysia,HTTP,Monitored,2026-02-11 03:26:51
184,182.11.27.56,58.127.149.177,65272,Malware,Critical,Aruba,HTTPS,Allowed,2026-01-16 04:16:24
185,70.134.153.36,69.185.112.17,35515,DDoS,Low,Czech Republic,UDP,Blocked,2026-04-17 01:48:38
186,126.177.175.139,78.205.188.72,8110,Malware,Critical,Aruba,UDP,Monitored,2026-01-07 18:23:06
187,147.20.211.166,61.220.129.110,18055,Brute Force,Low,Liberia,TCP,Monitored,2026-01-16 16:06:15
188,147.2.197.76,108.76.79.158,3132,SQL Injection,Medium,French Southern Territories,HTTP,Monitored,2026-04-08 07:24:10
189,99.206.213.176,219.143.25.65,3597,Brute Force,Critical,Burundi,HTTP,Monitored,2026-02-03 06:33:04
190,201.4.169.68,73.121.26.33,43787,Malware,Low,Cape Verde,TCP,Monitored,2026-04-04 12:21:08
191,188.104.119.246,155.43.220.231,30515,SQL Injection,High,Malawi,UDP,Monitored,2026-04-22 02:20:22
192,101.218.51.240,179.76.201.97,3451,Malware,High,Palestinian Territory,TCP,Monitored,2026-05-21 06:15:06
193,138.145.79.94,49.106.243.217,12868,Phishing,Medium,French Polynesia,UDP,Blocked,2026-01-30 23:07:34
194,19.86.106.249,28.183.204.170,40982,Malware,High,Sweden,HTTP,Monitored,2026-02-26 01:36:17
195,19.25.38.44,99.193.4.245,42863,DDoS,Low,Brazil,TCP,Monitored,2026-03-13 20:48:29
196,45.121.163.2,159.123.181.103,4095,Brute Force,Critical,Montserrat,UDP,Allowed,2026-03-09 14:21:24
197,115.123.60.222,220.9.217.75,14404,Phishing,Critical,Kenya,HTTPS,Monitored,2026-03-17 18:38:02
198,198.33.75.37,75.218.8.101,29465,DDoS,Critical,Netherlands Antilles,HTTP,Monitored,2026-04-30 14:39:36
199,142.77.146.174,55.140.151.110,12148,Malware,Medium,United Arab Emirates,UDP,Monitored,2026-05-13 08:41:52
200,209.154.191.128,203.249.124.47,63911,Phishing,Medium,Western Sahara,HTTP,Monitored,2026-03-12 16:55:12
201,63.65.111.18,42.3.17.139,16105,DDoS,Medium,Solomon Islands,TCP,Allowed,2026-02-21 01:07:07
202,64.53.44.118,32.138.143.227,867,SQL Injection,Low,Central African Republic,UDP,Monitored,2026-05-12 13:31:56
203,70.38.225.118,104.39.196.120,7164,Malware,Critical,Georgia,TCP,Monitored,2026-03-04 14:52:58
204,148.13.133.235,174.95.190.230,57780,Phishing,High,Monaco,UDP,Allowed,2026-05-09 02:31:36
205,203.123.92.75,176.81.253.228,64675,SQL Injection,Critical,Samoa,HTTPS,Allowed,2026-04-07 11:06:22
206,174.175.154.21,155.14.235.117,8766,Malware,Low,Nepal,TCP,Blocked,2026-05-07 21:41:52
207,139.217.207.233,74.85.82.75,6192,SQL Injection,Low,Ireland,UDP,Blocked,2026-01-19 00:52:05
208,17.38.28.119,141.42.228.240,6750,SQL Injection,Low,Taiwan,HTTP,Blocked,2026-05-01 18:19:11
209,112.188.8.238,95.158.36.224,7002,Malware,Medium,United States Minor Outlying Islands,HTTPS,Monitored,2026-02-18 05:00:54
210,101.254.111.234,43.157.1.27,48555,Malware,Critical,Niger,UDP,Blocked,2026-02-17 23:56:30
211,79.90.143.131,104.210.44.161,18724,DDoS,Medium,Palau,HTTP,Monitored,2026-03-21 09:03:40
212,201.81.29.142,161.38.177.24,549,Malware,Critical,French Polynesia,HTTP,Monitored,2026-03-31 09:03:03
213,96.109.78.130,91.86.106.107,4942,Brute Force,Critical,Maldives,HTTPS,Allowed,2026-03-07 12:36:34
214,103.14.63.65,1.76.181.26,18269,Brute Force,High,Cape Verde,HTTPS,Monitored,2026-05-22 02:02:16
215,108.97.105.115,146.175.99.216,23105,SQL Injection,Critical,Greece,UDP,Blocked,2026-02-13 11:00:45
216,187.188.1.228,54.234.25.176,49287,Malware,Critical,Singapore,TCP,Allowed,2026-01-08 21:14:41
217,30.147.69.2,221.80.57.253,64298,Phishing,Medium,Tunisia,TCP,Blocked,2026-05-06 20:10:40
218,13.54.130.175,144.112.172.216,33831,Brute Force,Medium,Benin,HTTP,Blocked,2026-01-27 18:25:21
219,64.184.123.207,208.68.10.39,18522,DDoS,Medium,Greece,TCP,Monitored,2026-03-15 16:37:04
220,89.89.237.79,220.68.44.230,22939,DDoS,Low,Benin,HTTP,Blocked,2026-05-16 04:11:21
221,132.10.101.178,154.123.238.171,4777,Malware,Critical,Somalia,HTTP,Blocked,2026-01-21 08:44:39
222,25.173.246.190,87.134.143.22,49352,Malware,Critical,Myanmar,HTTPS,Monitored,2026-04-26 18:24:03
223,49.182.208.160,194.224.252.234,4803,Brute Force,Medium,Lao People's Democratic Republic,HTTP,Monitored,2026-02-16 14:43:31
224,157.113.191.213,52.100.31.41,35707,SQL Injection,Critical,Congo,HTTPS,Allowed,2026-01-14 05:52:34
225,96.79.14.166,217.25.192.183,50737,SQL Injection,Critical,Serbia,HTTP,Blocked,2026-02-11 23:21:09
226,134.66.252.181,120.248.57.2,44677,Malware,Critical,French Guiana,HTTPS,Blocked,2026-02-04 03:08:41
227,108.155.214.42,140.183.10.245,2920,SQL Injection,Medium,Sweden,HTTP,Monitored,2026-05-08 05:07:13
228,55.85.6.150,50.189.65.99,16460,SQL Injection,High,Georgia,TCP,Blocked,2026-02-07 14:28:42
229,124.97.139.249,208.1.205.179,25660,SQL Injection,Medium,United States of America,TCP,Allowed,2026-03-09 00:09:10
230,63.71.17.59,115.99.172.192,65339,Brute Force,High,Austria,HTTPS,Allowed,2026-05-20 23:24:45
231,56.146.41.97,130.178.97.125,22748,SQL Injection,Critical,Uganda,HTTP,Blocked,2026-02-20 16:35:05
232,59.108.238.184,177.62.236.205,11818,SQL Injection,Low,Marshall Islands,TCP,Blocked,2026-05-05 02:09:42
233,121.89.232.48,87.253.135.248,8300,SQL Injection,High,Eritrea,HTTPS,Blocked,2026-02-23 18:30:23
234,170.40.138.157,161.2.124.227,56547,Phishing,High,Jamaica,TCP,Blocked,2026-04-13 20:14:05
235,123.148.40.142,207.210.45.175,40838,Malware,High,Eritrea,HTTP,Blocked,2026-01-01 17:33:00
236,124.180.150.120,50.163.78.126,14746,Malware,Critical,Italy,TCP,Blocked,2026-03-03 08:56:51
237,52.91.244.100,14.57.141.51,29841,DDoS,Low,Indonesia,HTTP,Monitored,2026-04-26 17:07:27
238,23.58.201.172,143.112.133.43,18919,DDoS,Critical,Qatar,UDP,Allowed,2026-05-05 01:35:45
239,162.61.199.5,178.186.166.6,22196,SQL Injection,Medium,Wallis and Futuna,TCP,Blocked,2026-04-26 01:24:56
240,208.228.128.182,174.129.132.88,39518,DDoS,High,Greece,TCP,Blocked,2026-03-18 00:22:39
241,4.218.140.220,167.200.224.144,4407,Brute Force,Low,Austria,UDP,Blocked,2026-04-07 18:15:38
242,25.20.14.163,114.185.72.89,35177,Phishing,Low,Hong Kong,TCP,Monitored,2026-03-25 05:05:54
243,34.81.212.221,115.164.179.146,11041,Phishing,Critical,Northern Mariana Islands,HTTPS,Allowed,2026-01-28 09:30:53
244,17.166.187.157,8.190.215.57,12691,SQL Injection,High,Bangladesh,HTTP,Allowed,2026-02-10 13:42:12
245,181.25.111.149,103.236.172.137,63718,SQL Injection,Critical,Turkmenistan,TCP,Monitored,2026-05-17 02:41:11
246,53.85.57.69,22.70.100.39,44848,DDoS,High,Montenegro,TCP,Blocked,2026-03-08 08:06:26
247,111.91.175.118,83.117.181.179,2912,Phishing,High,Cameroon,HTTPS,Monitored,2026-03-19 21:25:42
248,57.35.93.179,42.218.192.255,32716,Malware,Low,Poland,HTTP,Monitored,2026-04-17 20:03:47
249,113.221.109.224,119.10.107.167,33389,Brute Force,Medium,Netherlands Antilles,TCP,Blocked,2026-02-22 21:29:32
250,87.133.185.9,139.177.244.112,55789,DDoS,High,Turks and Caicos Islands,UDP,Allowed,2026-04-13 08:30:28
251,56.85.255.108,197.244.177.81,58574,Malware,High,Suriname,HTTP,Allowed,2026-05-04 12:34:04
252,141.77.255.210,120.15.211.221,28030,DDoS,Medium,Macao,HTTP,Allowed,2026-02-11 18:20:47
253,33.133.123.30,77.154.121.114,59006,Brute Force,Critical,Armenia,TCP,Blocked,2026-05-05 22:17:33
254,74.145.81.247,212.122.174.207,40875,DDoS,Medium,Venezuela,HTTP,Monitored,2026-05-21 14:52:29
255,124.102.146.182,129.236.131.188,62549,SQL Injection,Medium,Micronesia,HTTP,Monitored,2026-02-22 00:46:40
256,183.5.245.120,26.190.159.37,47775,Malware,Medium,Spain,HTTPS,Blocked,2026-04-14 21:02:49
257,44.174.226.200,89.35.60.214,57439,Brute Force,High,Eritrea,HTTPS,Blocked,2026-02-20 19:39:54
258,34.50.31.127,67.186.150.98,16117,Brute Force,Critical,Malta,HTTP,Blocked,2026-04-18 17:38:17
259,153.193.247.12,25.142.216.180,26913,Phishing,Low,North Macedonia,UDP,Monitored,2026-02-18 02:45:22
260,14.18.23.137,126.135.226.223,4169,SQL Injection,High,Kenya,TCP,Monitored,2026-02-10 18:54:51
261,172.41.73.149,183.193.168.138,1277,Phishing,Critical,Kuwait,UDP,Allowed,2026-04-04 00:29:08
262,179.129.144.223,62.28.241.32,36804,Brute Force,Critical,United States of America,TCP,Monitored,2026-03-30 08:28:29
263,125.90.36.7,142.76.155.91,42930,DDoS,Low,Singapore,UDP,Monitored,2026-01-09 11:33:11
264,71.221.65.174,10.153.42.89,23451,DDoS,Medium,Spain,HTTPS,Blocked,2026-02-06 00:50:02
265,214.39.73.61,74.238.119.211,27259,DDoS,Critical,Latvia,UDP,Blocked,2026-03-16 01:18:14
266,62.176.75.55,133.116.122.49,48913,DDoS,Medium,Mongolia,HTTP,Allowed,2026-04-06 10:21:12
267,214.40.212.146,102.62.166.183,22059,DDoS,High,Tuvalu,HTTPS,Blocked,2026-05-04 14:00:21
268,49.245.84.206,106.212.83.102,2635,Phishing,Medium,Paraguay,HTTPS,Allowed,2026-01-19 19:16:49
269,180.56.33.33,135.228.112.135,30057,Brute Force,Medium,Nicaragua,UDP,Blocked,2026-04-29 08:02:17
270,31.173.1.44,140.207.97.96,42155,DDoS,Medium,Bhutan,UDP,Allowed,2026-04-11 18:56:20
271,105.112.239.151,209.41.92.193,10506,DDoS,Medium,Uruguay,HTTPS,Allowed,2026-04-26 03:35:47
272,15.210.115.171,193.255.147.163,4020,Phishing,High,Korea,HTTP,Allowed,2026-05-22 06:42:39
273,141.114.65.103,135.176.246.51,16472,SQL Injection,High,Bhutan,HTTPS,Allowed,2026-01-13 03:24:23
274,211.183.165.114,221.191.94.55,8572,Brute Force,High,Kiribati,TCP,Blocked,2026-04-18 19:10:20
275,119.112.199.226,102.64.155.227,1228,Malware,Medium,Albania,HTTPS,Monitored,2026-02-20 04:03:55
276,75.33.36.147,136.103.111.182,20836,Phishing,Critical,Belarus,TCP,Blocked,2026-02-18 17:54:26
277,36.165.160.98,194.92.60.203,61770,Malware,High,Holy See (Vatican City State),UDP,Blocked,2026-04-18 18:08:35
278,44.177.18.76,152.5.144.251,3360,DDoS,High,Cambodia,TCP,Monitored,2026-01-22 23:21:49
279,25.100.148.0,208.89.121.87,54679,DDoS,High,Antarctica (the territory South of 60 deg S),TCP,Allowed,2026-05-04 11:53:08
280,157.84.10.221,76.157.93.160,62965,Phishing,Medium,British Indian Ocean Territory (Chagos Archipelago),TCP,Allowed,2026-05-11 06:41:46
281,189.168.107.1,180.36.129.212,18286,SQL Injection,Low,Burkina Faso,TCP,Blocked,2026-05-10 22:26:39
282,15.3.136.136,185.8.113.121,9121,Malware,Critical,Tajikistan,TCP,Monitored,2026-04-18 20:16:35
283,124.53.181.254,63.174.127.71,25634,DDoS,Medium,Guinea-Bissau,TCP,Monitored,2026-04-29 23:18:04
284,101.195.120.19,197.7.24.170,31060,Phishing,Critical,Jersey,TCP,Allowed,2026-03-27 13:27:51
285,87.187.51.151,16.193.244.159,42971,Brute Force,Low,Pakistan,UDP,Blocked,2026-01-27 07:07:36
286,119.32.124.84,42.7.0.86,28205,Malware,High,Montserrat,TCP,Blocked,2026-05-09 12:33:37
287,208.69.25.180,109.75.132.239,12993,Phishing,Critical,Nepal,UDP,Monitored,2026-01-09 23:56:58
288,27.10.115.210,19.2.24.202,4961,SQL Injection,Low,Burkina Faso,UDP,Blocked,2026-04-01 12:27:41
289,129.116.53.62,13.36.223.253,36190,SQL Injection,Critical,Afghanistan,TCP,Monitored,2026-04-23 08:14:32
290,48.210.187.141,220.57.121.86,7494,Brute Force,High,Gabon,HTTP,Blocked,2026-03-12 20:34:20
291,57.113.110.88,28.32.149.55,38506,Malware,High,Latvia,TCP,Monitored,2026-05-10 17:35:46
292,16.42.121.217,149.131.71.123,42480,DDoS,Critical,Finland,UDP,Monitored,2026-05-02 10:42:24
293,151.178.243.145,9.49.173.202,20287,DDoS,High,Isle of Man,UDP,Allowed,2026-04-19 17:49:07
294,5.40.68.75,165.95.41.119,8472,Phishing,Low,Iraq,HTTP,Allowed,2026-03-26 04:11:42
295,100.200.62.239,13.254.174.59,14613,Brute Force,Low,Bahrain,HTTP,Allowed,2026-01-30 23:11:34
296,78.5.59.65,19.21.176.21,22365,Phishing,Medium,Fiji,UDP,Monitored,2026-03-10 11:22:54
297,4.161.141.240,53.97.190.214,26144,Malware,Medium,Sweden,HTTPS,Allowed,2026-02-16 20:57:23
298,23.135.58.187,36.207.140.81,2393,Malware,Low,Kyrgyz Republic,HTTPS,Blocked,2026-02-26 02:39:49
299,208.200.210.19,92.125.160.47,37206,Phishing,Critical,Maldives,UDP,Allowed,2026-01-14 10:51:22
300,105.214.61.68,201.232.137.141,54387,SQL Injection,Critical,Liberia,UDP,Allowed,2026-04-27 14:02:01
301,16.140.232.2,155.198.115.219,59310,Malware,High,Cambodia,HTTPS,Blocked,2026-04-13 19:55:46
302,167.80.20.150,204.245.27.252,36703,Brute Force,Critical,Slovakia (Slovak Republic),HTTP,Blocked,2026-03-11 14:08:57
303,46.30.181.168,191.130.187.214,41910,SQL Injection,Low,Azerbaijan,HTTPS,Blocked,2026-05-02 00:05:46
304,176.40.59.239,48.121.44.65,12841,SQL Injection,Medium,Korea,TCP,Monitored,2026-01-08 15:29:12
305,53.241.205.159,29.146.107.106,37470,DDoS,Critical,Burkina Faso,TCP,Allowed,2026-04-23 01:19:16
306,160.234.63.153,122.208.52.213,27550,SQL Injection,Critical,Bangladesh,TCP,Blocked,2026-01-09 22:59:47
307,200.151.41.243,119.67.96.200,38142,Phishing,Medium,Czech Republic,HTTP,Monitored,2026-04-24 20:58:34
308,91.98.170.244,218.192.69.201,1706,DDoS,High,Bouvet Island (Bouvetoya),UDP,Blocked,2026-02-26 04:21:45
309,7.243.11.18,209.90.211.68,64886,SQL Injection,Medium,Liberia,HTTPS,Blocked,2026-04-27 15:29:39
310,137.248.159.177,34.244.111.153,15233,SQL Injection,Low,Australia,UDP,Blocked,2026-03-06 11:48:40
311,219.173.69.143,152.162.192.231,17152,Phishing,High,Mali,HTTP,Allowed,2026-02-03 20:42:12
312,83.136.233.207,161.187.42.222,62285,Phishing,High,Sudan,UDP,Allowed,2026-05-25 13:19:50
313,201.65.25.99,131.189.232.4,10843,SQL Injection,Medium,Belarus,HTTPS,Allowed,2026-05-22 08:18:16
314,26.248.120.178,25.169.38.46,16981,Malware,High,Tunisia,HTTPS,Allowed,2026-01-31 03:37:19
315,163.53.54.72,2.37.5.67,52315,SQL Injection,Low,Iraq,HTTPS,Blocked,2026-02-14 01:48:15
316,150.218.69.148,146.142.230.187,13574,Malware,Medium,Guatemala,UDP,Blocked,2026-03-01 15:10:59
317,180.49.77.133,10.92.174.128,54566,Brute Force,Low,Japan,UDP,Monitored,2026-02-10 03:42:29
318,37.181.7.115,214.112.30.101,60676,Brute Force,Critical,Norfolk Island,UDP,Allowed,2026-03-03 04:59:13
319,161.222.228.107,35.239.232.46,60297,SQL Injection,High,Saint Helena,UDP,Blocked,2026-03-11 06:23:37
320,91.57.55.195,88.221.234.111,59870,SQL Injection,Low,Myanmar,TCP,Monitored,2026-04-10 09:33:32
321,204.72.156.38,26.195.228.184,3989,DDoS,Critical,Guinea,TCP,Blocked,2026-03-16 17:22:36
322,101.250.179.78,56.41.223.105,6138,Phishing,High,Saint Lucia,TCP,Blocked,2026-04-11 04:31:48
323,99.214.237.37,102.82.19.201,7342,Malware,Medium,Burkina Faso,HTTPS,Monitored,2026-03-25 07:52:01
324,201.243.210.178,144.50.20.72,25925,Phishing,Medium,Grenada,UDP,Blocked,2026-03-15 20:02:50
325,31.31.147.251,84.174.93.20,35356,DDoS,Medium,Pitcairn Islands,HTTPS,Allowed,2026-04-24 15:24:54
326,82.121.151.238,94.89.42.248,24814,Phishing,Low,Congo,TCP,Allowed,2026-02-25 12:41:39
327,5.51.250.65,25.25.214.147,35566,Brute Force,Medium,Pitcairn Islands,TCP,Blocked,2026-04-19 08:25:42
328,35.51.53.99,24.167.180.132,36617,DDoS,Critical,Poland,UDP,Allowed,2026-01-25 12:38:29
329,131.68.59.73,167.121.52.49,38543,Brute Force,Medium,Puerto Rico,HTTP,Blocked,2026-02-05 19:34:44
330,87.214.254.61,4.120.176.106,33235,Phishing,Critical,San Marino,HTTPS,Blocked,2026-02-12 16:30:05
331,100.60.255.226,222.253.49.199,62398,Phishing,Medium,Liberia,UDP,Blocked,2026-02-05 16:25:28
332,195.229.230.34,221.106.183.62,3962,Brute Force,Low,United States Minor Outlying Islands,HTTP,Monitored,2026-01-24 23:56:58
333,118.95.32.234,24.24.188.182,19113,Phishing,High,Morocco,UDP,Allowed,2026-03-10 13:26:36
334,150.15.133.139,4.118.121.138,37383,SQL Injection,Low,Bolivia,HTTPS,Monitored,2026-02-21 05:59:14
335,11.126.167.154,55.7.249.3,57204,Malware,Low,Netherlands Antilles,HTTPS,Monitored,2026-03-16 10:55:07
336,3.47.155.58,201.91.152.227,42290,Brute Force,Critical,Kuwait,UDP,Blocked,2026-05-01 03:49:49
337,86.185.229.72,166.25.61.2,60473,SQL Injection,High,Liechtenstein,TCP,Blocked,2026-03-26 09:22:50
338,124.89.10.6,16.99.222.110,60764,SQL Injection,Low,Western Sahara,UDP,Allowed,2026-04-04 00:45:47
339,190.236.108.49,187.228.252.120,46542,DDoS,Medium,Switzerland,TCP,Allowed,2026-03-01 09:50:51
340,216.120.11.61,173.5.240.178,38702,Brute Force,Medium,Rwanda,UDP,Allowed,2026-03-26 19:49:01
341,165.36.153.197,218.243.211.188,8013,Phishing,High,Norfolk Island,HTTPS,Monitored,2026-05-22 08:43:53
342,167.63.249.31,152.216.185.92,40139,Brute Force,Critical,Norfolk Island,HTTP,Blocked,2026-01-23 22:13:55
343,180.150.199.41,130.85.191.112,36421,SQL Injection,Low,Colombia,UDP,Monitored,2026-05-22 12:22:31
344,25.120.246.227,6.205.169.231,21122,DDoS,Low,Pakistan,HTTPS,Allowed,2026-01-16 13:53:11
345,155.135.220.255,21.1.62.196,58544,Malware,Low,Pakistan,HTTPS,Blocked,2026-02-10 21:27:52
346,54.64.174.47,154.126.110.189,2331,Brute Force,Critical,Papua New Guinea,HTTP,Blocked,2026-05-13 03:06:11
347,137.115.93.163,217.57.21.54,33627,DDoS,High,Nigeria,HTTPS,Allowed,2026-01-22 17:46:14
348,122.133.94.229,106.45.7.230,60971,Malware,Critical,Congo,HTTPS,Allowed,2026-04-04 09:43:33
349,122.41.177.106,119.4.120.82,9559,Phishing,High,Angola,HTTP,Monitored,2026-01-21 01:19:59
350,222.160.182.16,23.188.10.130,22993,Brute Force,Low,Montenegro,HTTPS,Allowed,2026-01-31 22:46:39
351,90.92.114.90,204.237.98.57,61820,SQL Injection,Medium,Samoa,HTTP,Monitored,2026-02-15 02:26:53
352,186.224.16.242,150.197.238.63,46395,SQL Injection,Low,Kuwait,UDP,Blocked,2026-01-13 09:02:34
353,17.105.47.223,122.41.164.139,12168,DDoS,Critical,Guinea-Bissau,TCP,Blocked,2026-04-18 19:02:07
354,199.250.233.30,110.249.153.91,38647,SQL Injection,High,Antarctica (the territory South of 60 deg S),HTTP,Blocked,2026-05-05 06:25:02
355,16.27.198.182,62.245.250.45,3602,DDoS,Medium,Papua New Guinea,UDP,Monitored,2026-01-27 23:51:22
356,79.9.234.227,107.225.87.122,34255,Malware,Low,Iceland,UDP,Monitored,2026-04-23 00:26:02
357,71.80.239.43,116.111.104.72,44144,Malware,High,Malaysia,HTTPS,Blocked,2026-02-12 03:39:05
358,42.247.109.19,136.241.24.141,7053,Malware,High,Sudan,HTTP,Blocked,2026-02-22 23:54:54
359,163.253.88.192,148.53.175.85,20006,SQL Injection,High,Albania,HTTPS,Monitored,2026-05-20 18:04:10
360,194.218.174.206,132.100.80.204,59035,Malware,Critical,Brunei Darussalam,TCP,Monitored,2026-02-07 18:01:51
361,31.121.59.213,156.110.66.212,43488,DDoS,Critical,Yemen,HTTP,Monitored,2026-02-09 08:48:03
362,94.219.87.8,8.116.70.114,24643,Malware,Medium,United States Virgin Islands,UDP,Monitored,2026-01-20 04:01:42
363,99.70.221.44,194.236.39.72,54288,Brute Force,Low,Mozambique,HTTP,Monitored,2026-04-16 13:14:56
364,217.117.232.203,186.17.253.180,41585,SQL Injection,Critical,Oman,HTTP,Monitored,2026-03-27 21:00:42
365,159.87.192.184,211.211.191.9,62126,Phishing,Critical,Colombia,HTTP,Monitored,2026-02-10 22:35:52
366,197.22.17.29,207.98.6.113,12682,Malware,Medium,Germany,HTTPS,Allowed,2026-05-26 11:46:03
367,128.26.190.39,219.48.187.125,25200,SQL Injection,High,United States Virgin Islands,TCP,Monitored,2026-05-01 08:11:54
368,58.221.13.84,9.111.1.122,47511,Malware,Medium,Latvia,HTTP,Monitored,2026-02-05 16:11:02
369,7.143.239.34,29.89.84.25,35350,Phishing,Low,Kiribati,HTTPS,Monitored,2026-03-23 21:42:03
370,78.154.178.217,197.161.136.54,12104,Malware,Low,San Marino,HTTP,Monitored,2026-04-29 19:41:24
371,219.94.178.205,22.7.36.220,26640,SQL Injection,Low,Albania,TCP,Allowed,2026-01-09 11:23:19
372,35.227.201.20,58.25.110.228,48884,Brute Force,High,Montserrat,UDP,Blocked,2026-05-26 13:50:39
373,166.250.4.105,210.219.195.78,33302,Phishing,Medium,Saint Pierre and Miquelon,TCP,Monitored,2026-04-25 10:04:22
374,71.141.118.124,62.132.139.92,54513,SQL Injection,Medium,Taiwan,HTTP,Allowed,2026-04-19 23:19:12
375,37.158.111.77,199.126.245.67,57939,Malware,Critical,Finland,UDP,Blocked,2026-04-07 07:19:54
376,175.197.76.39,26.218.136.198,60484,Phishing,Medium,Trinidad and Tobago,UDP,Monitored,2026-01-19 22:48:02
377,197.196.19.218,101.23.12.55,63110,Phishing,Low,Iran,HTTP,Monitored,2026-02-02 10:40:59
378,190.80.203.197,153.88.43.26,56939,SQL Injection,Low,India,HTTP,Blocked,2026-01-13 14:11:19
379,48.201.204.225,16.248.74.123,58846,Phishing,Low,Bahrain,UDP,Allowed,2026-03-01 11:13:37
380,3.242.30.26,74.175.153.208,51258,Brute Force,Medium,Thailand,HTTP,Blocked,2026-01-20 09:40:41
381,205.150.245.26,126.236.86.36,13839,DDoS,Medium,Luxembourg,TCP,Monitored,2026-02-23 04:04:52
382,98.203.25.194,190.31.78.28,54227,DDoS,Critical,Faroe Islands,UDP,Blocked,2026-02-18 02:25:27
383,184.17.120.16,185.184.119.178,14649,Brute Force,Medium,United Arab Emirates,HTTPS,Monitored,2026-03-08 04:31:48
384,213.251.252.129,215.46.164.109,32963,SQL Injection,High,Libyan Arab Jamahiriya,HTTP,Monitored,2026-02-19 03:11:11
385,120.250.243.200,7.33.87.158,28079,Brute Force,Critical,Iceland,HTTP,Blocked,2026-05-07 20:26:58
386,167.113.132.222,154.46.248.85,38815,Brute Force,Critical,Botswana,UDP,Blocked,2026-04-04 23:57:40
387,153.160.101.51,28.6.69.250,9549,Brute Force,High,Indonesia,TCP,Allowed,2026-03-25 00:47:07
388,57.47.244.177,213.120.67.147,64393,DDoS,Medium,Italy,TCP,Monitored,2026-02-23 10:03:05
389,171.0.243.149,29.129.191.172,21942,SQL Injection,Medium,Western Sahara,UDP,Monitored,2026-03-22 22:46:15
390,209.225.102.160,38.147.11.30,48387,SQL Injection,High,Chile,HTTPS,Blocked,2026-01-10 08:37:06
391,23.46.212.50,213.242.96.53,58279,DDoS,Low,Saudi Arabia,HTTP,Allowed,2026-01-15 05:21:52
392,68.15.166.198,41.2.8.254,56713,DDoS,Low,Ireland,HTTP,Blocked,2026-01-20 02:08:46
393,217.171.19.250,171.116.56.108,65106,DDoS,Critical,Cocos (Keeling) Islands,UDP,Blocked,2026-05-20 02:28:40
394,68.205.14.67,66.230.5.202,47495,SQL Injection,High,Papua New Guinea,HTTPS,Allowed,2026-03-04 03:01:10
395,8.238.224.145,86.57.155.79,15988,Malware,Critical,Papua New Guinea,UDP,Monitored,2026-01-06 13:39:26
396,85.137.24.94,29.49.29.64,25054,SQL Injection,Low,Luxembourg,HTTP,Allowed,2026-05-16 18:42:57
397,218.100.209.164,138.204.171.46,34207,SQL Injection,Critical,French Southern Territories,HTTP,Blocked,2026-03-28 06:47:19
398,187.150.107.68,143.229.91.78,45529,Brute Force,Low,Reunion,HTTPS,Allowed,2026-05-14 04:24:26
399,201.164.211.141,39.193.65.176,31661,DDoS,Low,Brazil,HTTP,Blocked,2026-01-06 18:57:19
400,206.63.180.218,106.145.235.201,6155,DDoS,Medium,South Africa,UDP,Allowed,2026-05-21 01:09:27
401,175.214.160.58,45.129.89.42,31348,DDoS,Low,Chad,UDP,Monitored,2026-05-09 04:00:37
402,197.174.14.56,1.227.15.87,42670,Malware,High,Antarctica (the territory South of 60 deg S),TCP,Allowed,2026-03-13 13:46:04
403,148.76.240.105,63.102.114.63,2359,SQL Injection,High,Italy,TCP,Monitored,2026-02-24 07:02:14
404,55.200.60.244,62.159.46.225,32806,SQL Injection,Critical,Japan,TCP,Blocked,2026-04-06 01:54:42
405,38.251.72.83,34.251.82.84,27877,DDoS,Low,Kiribati,UDP,Blocked,2026-03-19 22:51:16
406,112.37.229.208,202.85.33.157,38403,Brute Force,Medium,Lesotho,TCP,Blocked,2026-05-05 03:35:08
407,209.7.21.97,56.2.235.107,39389,Malware,Critical,Mongolia,HTTPS,Monitored,2026-05-12 04:05:23
408,162.39.12.122,176.85.142.9,15975,DDoS,High,Israel,TCP,Allowed,2026-04-02 17:54:08
409,21.183.59.89,86.95.12.48,13539,Brute Force,Medium,Malawi,TCP,Monitored,2026-01-17 06:40:00
410,115.109.104.214,148.153.139.65,19137,Phishing,Low,Andorra,HTTPS,Blocked,2026-01-22 12:59:08
411,215.254.135.41,94.169.145.129,17971,Malware,Low,Libyan Arab Jamahiriya,TCP,Monitored,2026-04-02 13:22:11
412,118.179.177.238,195.229.105.62,29202,DDoS,Medium,Cook Islands,HTTPS,Monitored,2026-04-06 00:56:42
413,5.22.101.11,56.225.221.134,55441,DDoS,High,Benin,HTTPS,Monitored,2026-01-22 17:19:00
414,98.23.3.62,52.10.246.33,53470,Brute Force,Medium,Norfolk Island,TCP,Blocked,2026-04-27 08:18:54
415,38.41.133.166,126.61.178.255,60466,DDoS,Medium,Papua New Guinea,UDP,Monitored,2026-05-09 10:58:07
416,121.190.3.58,1.72.156.161,15883,Brute Force,Critical,Oman,UDP,Blocked,2026-05-01 17:13:14
417,164.34.231.20,106.76.83.36,55152,SQL Injection,Low,Madagascar,HTTP,Monitored,2026-01-07 09:17:39
418,184.100.81.163,96.211.243.157,14166,Phishing,Critical,Kyrgyz Republic,UDP,Monitored,2026-04-16 19:30:17
419,107.183.121.53,30.253.2.239,14882,Phishing,High,Lithuania,TCP,Allowed,2026-03-14 15:39:35
420,114.24.133.201,170.142.0.92,25976,DDoS,Critical,Saudi Arabia,TCP,Blocked,2026-02-18 02:11:45
421,87.79.76.62,215.187.139.85,55008,Phishing,Low,Marshall Islands,HTTPS,Allowed,2026-04-13 07:08:39
422,139.195.119.104,32.255.191.139,3713,Phishing,Medium,Nepal,HTTPS,Allowed,2026-01-18 02:01:06
423,195.111.80.225,11.250.52.169,30989,DDoS,Critical,Turkey,HTTP,Allowed,2026-03-17 12:00:41
424,105.8.216.230,40.119.141.95,39181,Phishing,High,Djibouti,UDP,Blocked,2026-01-10 14:12:41
425,18.44.138.28,213.51.131.228,24381,DDoS,Medium,Honduras,TCP,Monitored,2026-03-07 23:55:09
426,72.207.117.57,202.95.216.47,8538,Phishing,Critical,Montenegro,HTTP,Blocked,2026-01-19 14:02:21
427,206.25.120.179,128.143.18.246,58903,SQL Injection,Critical,Georgia,HTTPS,Blocked,2026-04-26 12:10:14
428,114.3.187.87,200.74.44.133,36092,SQL Injection,Medium,Christmas Island,UDP,Allowed,2026-02-13 04:06:14
429,180.9.30.192,38.85.51.74,32529,Malware,Low,Poland,TCP,Allowed,2026-02-17 07:36:09
430,35.185.177.44,112.14.7.20,14532,Brute Force,Critical,Guadeloupe,UDP,Allowed,2026-05-08 09:02:17
431,213.110.144.18,112.68.130.198,56256,Malware,Critical,Puerto Rico,UDP,Monitored,2026-01-27 14:37:28
432,181.8.64.248,28.77.46.206,59061,Phishing,Low,Venezuela,HTTPS,Allowed,2026-03-08 08:06:05
433,149.164.193.219,8.51.158.225,20665,Brute Force,Low,Palestinian Territory,HTTPS,Allowed,2026-05-25 12:22:16
434,24.80.88.186,200.103.102.171,3357,Phishing,Medium,Colombia,TCP,Blocked,2026-03-18 03:54:01
435,56.195.199.30,211.18.190.146,45369,Phishing,High,Zimbabwe,HTTPS,Blocked,2026-03-02 18:41:51
436,97.168.166.64,178.201.165.52,31182,Phishing,Medium,Guam,TCP,Monitored,2026-01-09 00:47:01
437,16.112.244.218,89.175.55.41,13288,Brute Force,Medium,Burkina Faso,UDP,Allowed,2026-04-19 21:31:27
438,161.165.92.15,17.4.57.192,57959,DDoS,Low,Nicaragua,TCP,Blocked,2026-02-06 20:17:45
439,31.63.105.82,48.209.176.153,61490,DDoS,Low,Russian Federation,HTTP,Allowed,2026-02-03 10:30:10
440,168.59.77.231,19.93.32.240,48941,SQL Injection,Medium,Moldova,UDP,Monitored,2026-05-08 03:27:23
441,101.96.156.93,171.206.156.108,12890,Malware,Medium,Malaysia,TCP,Blocked,2026-03-26 03:41:59
442,199.52.104.161,22.133.7.42,45981,Malware,Low,Pitcairn Islands,HTTP,Monitored,2026-05-05 07:36:03
443,66.227.237.59,156.29.160.90,41408,Brute Force,High,Romania,HTTP,Blocked,2026-04-16 17:00:54
444,63.95.153.147,3.236.33.24,47317,Brute Force,Critical,Finland,UDP,Allowed,2026-04-11 08:18:11
445,118.137.11.194,67.27.238.67,37165,Brute Force,High,Timor-Leste,HTTP,Monitored,2026-02-18 01:03:43
446,208.94.143.159,28.173.100.216,42395,Brute Force,High,Bermuda,TCP,Allowed,2026-01-16 08:29:23
447,141.83.220.77,14.67.6.37,3575,Phishing,Medium,Nicaragua,HTTP,Blocked,2026-02-02 21:03:38
448,37.187.57.113,3.27.184.241,13836,Malware,Medium,Christmas Island,HTTPS,Monitored,2026-04-08 21:02:29
449,28.130.243.51,212.72.184.124,46268,DDoS,High,Cyprus,HTTP,Monitored,2026-04-24 01:06:10
450,23.172.23.143,44.176.182.50,41604,Brute Force,Medium,Taiwan,HTTP,Monitored,2026-03-23 15:03:05
451,9.94.39.169,176.184.21.201,24662,Malware,Critical,Bangladesh,HTTPS,Allowed,2026-01-21 01:48:56
452,188.4.34.83,222.38.194.11,42099,DDoS,Critical,Barbados,HTTP,Monitored,2026-04-04 02:34:34
453,155.25.9.189,84.49.238.160,49349,Brute Force,High,Philippines,HTTP,Monitored,2026-01-28 01:14:50
454,150.167.3.64,78.91.62.230,62055,Malware,High,Sri Lanka,HTTPS,Blocked,2026-05-15 00:29:45
455,1.136.206.183,164.203.220.76,16301,Malware,Low,Saint Kitts and Nevis,UDP,Monitored,2026-05-24 05:15:32
456,92.5.172.42,90.207.167.255,5640,DDoS,Medium,Mozambique,HTTPS,Allowed,2026-02-26 20:58:32
457,14.139.37.62,173.202.111.3,52910,Phishing,High,Indonesia,HTTP,Blocked,2026-03-05 17:28:53
458,7.124.11.110,117.114.84.5,6918,Malware,Critical,Syrian Arab Republic,HTTPS,Blocked,2026-01-08 02:44:00
459,122.207.25.61,66.170.212.23,8370,DDoS,Critical,Gabon,TCP,Monitored,2026-05-19 19:45:14
460,110.45.64.247,29.29.24.236,60591,SQL Injection,Medium,Isle of Man,UDP,Allowed,2026-02-09 20:19:18
461,152.206.156.28,130.132.60.123,35494,Malware,Medium,Fiji,HTTPS,Monitored,2026-03-21 17:26:06
462,202.35.68.88,94.118.222.141,26444,Phishing,Medium,Norway,UDP,Monitored,2026-02-14 16:30:16
463,72.240.213.250,124.139.252.191,48698,SQL Injection,High,Dominica,UDP,Allowed,2026-02-03 20:28:48
464,45.120.79.230,134.163.46.125,54673,DDoS,Low,Iceland,HTTP,Allowed,2026-01-02 01:34:24
465,144.101.249.58,168.162.90.39,21191,SQL Injection,Low,Slovenia,HTTP,Allowed,2026-04-13 20:37:04
466,13.164.29.159,141.251.173.173,22351,SQL Injection,Critical,India,HTTPS,Allowed,2026-01-17 02:27:14
467,223.168.85.12,44.241.212.70,36550,DDoS,Critical,Holy See (Vatican City State),UDP,Monitored,2026-02-25 13:50:31
468,187.195.2.206,175.174.133.51,29990,SQL Injection,Medium,Armenia,HTTPS,Allowed,2026-02-01 08:22:28
469,105.129.143.182,30.253.3.112,13591,DDoS,Medium,British Indian Ocean Territory (Chagos Archipelago),TCP,Blocked,2026-03-31 06:55:28
470,42.200.242.152,41.97.35.240,2626,Brute Force,Critical,Solomon Islands,HTTPS,Monitored,2026-04-19 15:04:11
471,77.232.158.237,94.165.130.15,42966,DDoS,Medium,Philippines,HTTP,Blocked,2026-05-17 21:05:18
472,61.203.141.240,184.185.204.12,8621,Brute Force,Low,Colombia,HTTP,Monitored,2026-02-05 06:58:03
473,153.243.247.211,94.185.27.76,8898,Brute Force,Low,Cayman Islands,UDP,Allowed,2026-03-01 02:24:14
474,96.224.105.218,223.228.80.99,42857,Phishing,Low,Palau,HTTPS,Allowed,2026-01-02 09:31:11
475,176.41.194.130,147.245.248.104,33635,DDoS,Low,Papua New Guinea,HTTPS,Monitored,2026-04-30 10:55:13
476,108.240.9.181,24.187.130.52,16372,Phishing,Medium,Ukraine,UDP,Blocked,2026-05-27 05:59:43
477,113.182.51.30,64.237.44.159,34472,SQL Injection,High,Saint Pierre and Miquelon,UDP,Allowed,2026-04-09 08:17:08
478,150.100.227.188,26.234.84.14,41308,Phishing,Low,Germany,HTTP,Monitored,2026-02-07 09:10:10
479,53.50.45.115,166.67.86.165,53794,SQL Injection,Medium,Finland,TCP,Allowed,2026-04-29 01:21:40
480,62.74.227.248,7.136.113.69,39888,DDoS,Low,Georgia,HTTPS,Monitored,2026-04-16 05:04:02
481,101.83.57.54,66.4.167.214,24150,Brute Force,Low,Bhutan,TCP,Blocked,2026-02-24 04:49:28
482,117.50.50.76,161.0.49.7,8707,SQL Injection,High,Paraguay,HTTPS,Blocked,2026-01-31 15:01:35
483,219.33.13.136,38.72.199.31,40281,Phishing,Critical,Mayotte,HTTP,Blocked,2026-04-13 01:18:26
484,27.165.89.92,81.204.237.200,58605,Brute Force,Critical,Iran,UDP,Allowed,2026-01-10 03:15:50
485,196.15.225.235,109.110.174.212,2246,Malware,Medium,Jordan,UDP,Monitored,2026-05-26 02:23:11
486,5.247.201.169,64.155.131.194,63525,Malware,Low,Italy,HTTPS,Blocked,2026-05-23 20:01:21
487,152.38.36.45,73.36.101.83,251,DDoS,Critical,Netherlands,HTTP,Blocked,2026-02-02 05:59:51
488,220.86.61.105,19.128.25.121,63590,Phishing,Low,Saint Martin,HTTPS,Allowed,2026-04-03 09:30:29
489,178.4.147.163,100.139.83.53,54642,Malware,Critical,Honduras,UDP,Monitored,2026-02-03 14:26:22
490,168.172.63.218,99.181.236.218,62726,DDoS,Low,Argentina,HTTPS,Allowed,2026-05-12 08:20:39
491,115.194.52.85,210.158.10.95,61108,Malware,Medium,Honduras,HTTPS,Blocked,2026-02-06 07:51:34
492,112.66.58.199,139.253.98.136,61440,Malware,Low,Syrian Arab Republic,HTTPS,Monitored,2026-05-08 04:28:41
493,47.203.234.124,105.139.153.102,51556,SQL Injection,Low,Hong Kong,UDP,Monitored,2026-03-17 08:18:11
494,150.8.207.155,158.83.92.207,1297,SQL Injection,Critical,Romania,UDP,Blocked,2026-04-22 09:25:25
495,83.250.80.180,212.227.22.107,51547,Phishing,Medium,New Caledonia,TCP,Monitored,2026-04-12 07:00:49
496,205.13.24.118,84.103.218.107,4942,Brute Force,Critical,United States Minor Outlying Islands,HTTP,Blocked,2026-03-09 08:07:17
497,51.227.21.25,196.235.194.20,14008,SQL Injection,Critical,Albania,UDP,Allowed,2026-02-22 03:28:35
498,117.128.37.164,191.60.40.230,59732,SQL Injection,Low,Bermuda,TCP,Monitored,2026-03-10 03:02:46
499,139.29.186.237,169.91.208.19,37842,SQL Injection,High,Morocco,UDP,Monitored,2026-05-13 23:47:46
500,170.133.242.187,75.129.195.218,61435,SQL Injection,Low,Suriname,TCP,Allowed,2026-04-28 14:29:17
501,214.205.62.59,59.203.233.136,3275,Brute Force,High,Oman,TCP,Blocked,2026-01-27 00:10:25
502,138.81.17.160,186.35.215.227,5026,Malware,Low,Malta,HTTP,Monitored,2026-05-14 19:57:28
503,106.21.116.171,203.196.77.164,44088,Malware,Critical,Benin,HTTPS,Allowed,2026-05-09 04:49:50
504,9.119.248.83,156.188.117.58,34238,Malware,Critical,Belarus,HTTP,Blocked,2026-03-15 12:31:21
505,52.51.47.168,11.103.24.19,23939,SQL Injection,Low,Barbados,UDP,Monitored,2026-01-04 00:54:34
506,136.0.146.114,119.171.31.55,48861,DDoS,Low,Pakistan,HTTP,Blocked,2026-04-06 05:59:36
507,18.121.177.74,10.179.231.50,39276,Phishing,Low,Guam,TCP,Blocked,2026-04-07 17:55:21
508,67.13.106.67,114.205.109.44,11673,Brute Force,High,Latvia,UDP,Allowed,2026-04-13 23:36:01
509,96.221.45.157,157.46.187.176,31439,Malware,High,French Southern Territories,UDP,Allowed,2026-01-27 18:02:05
510,19.101.129.59,192.250.229.174,39109,Malware,Critical,Brazil,HTTPS,Monitored,2026-04-08 05:09:49
511,126.102.4.103,199.199.252.146,52053,Phishing,Low,Niue,TCP,Allowed,2026-05-10 06:44:53
512,56.101.230.226,176.42.206.224,27535,Phishing,Medium,United Arab Emirates,UDP,Blocked,2026-04-20 18:30:25
513,57.1.11.226,195.183.63.38,15458,Malware,Critical,Burkina Faso,HTTPS,Blocked,2026-04-14 09:24:26
514,96.224.202.17,217.205.39.70,54715,Brute Force,Critical,Latvia,HTTP,Allowed,2026-05-07 07:41:54
515,51.143.0.209,220.207.6.175,42291,SQL Injection,High,Haiti,TCP,Blocked,2026-01-18 17:37:26
516,26.3.173.184,119.35.157.40,42781,SQL Injection,Critical,Guyana,HTTP,Monitored,2026-04-03 13:17:18
517,107.197.30.27,77.147.98.206,55045,SQL Injection,Medium,Belgium,HTTPS,Monitored,2026-02-27 18:57:44
518,132.15.232.2,25.248.67.91,37794,SQL Injection,Medium,Uruguay,HTTP,Monitored,2026-01-18 19:18:55
519,95.127.60.83,202.99.213.138,39837,DDoS,Medium,Saint Lucia,UDP,Blocked,2026-01-17 13:31:37
520,134.191.115.220,208.157.82.151,8138,Malware,Medium,Togo,UDP,Blocked,2026-01-05 17:04:12
521,187.185.27.186,73.3.4.11,41114,Phishing,Critical,Slovenia,TCP,Monitored,2026-02-10 06:58:07
522,20.161.36.183,157.75.99.35,58503,Malware,Medium,Bermuda,HTTPS,Allowed,2026-02-12 22:31:42
523,91.236.242.131,151.248.1.251,29141,Phishing,Low,Serbia,TCP,Monitored,2026-01-17 01:52:45
524,212.115.229.104,81.230.208.189,61274,DDoS,High,Germany,UDP,Monitored,2026-01-27 08:56:12
525,31.114.92.213,83.48.187.113,48342,DDoS,Critical,Jersey,UDP,Allowed,2026-02-12 04:33:06
526,46.226.152.59,106.54.60.106,47735,DDoS,Critical,Palestinian Territory,HTTP,Blocked,2026-03-07 12:15:00
527,171.148.111.186,44.90.148.184,52155,Brute Force,Critical,United States Minor Outlying Islands,HTTPS,Monitored,2026-05-24 11:10:27
528,184.86.222.2,201.152.135.194,22420,SQL Injection,Critical,Armenia,HTTP,Allowed,2026-01-21 16:27:20
529,119.71.56.236,159.201.54.3,19811,Malware,Low,Venezuela,UDP,Blocked,2026-02-10 06:59:32
530,143.138.217.14,181.238.43.200,20492,SQL Injection,Critical,Paraguay,HTTP,Blocked,2026-05-12 04:07:11
531,70.25.217.61,155.243.53.238,20763,Malware,Medium,Martinique,TCP,Blocked,2026-01-11 07:58:46
532,13.181.119.26,185.119.148.4,63252,Malware,Low,Fiji,TCP,Blocked,2026-03-30 17:29:14
533,78.155.16.136,89.81.254.131,34121,Malware,Medium,Senegal,HTTPS,Allowed,2026-02-20 14:57:10
534,65.97.200.97,101.129.67.204,21035,Brute Force,Medium,Christmas Island,TCP,Blocked,2026-05-07 15:43:00
535,31.209.30.160,65.239.126.67,48571,Malware,Low,Congo,UDP,Allowed,2026-04-22 11:11:55
536,23.133.95.246,130.174.76.230,31121,Brute Force,High,Cyprus,HTTP,Allowed,2026-04-24 10:36:18
537,130.81.151.178,104.69.246.124,37969,Brute Force,High,Guadeloupe,HTTP,Allowed,2026-04-05 14:03:26
538,175.15.202.61,174.46.155.209,55076,Brute Force,High,San Marino,HTTPS,Allowed,2026-03-18 17:11:31
539,124.45.200.92,182.133.9.191,5844,Brute Force,High,Guatemala,HTTP,Allowed,2026-01-03 04:39:16
540,87.119.244.62,14.170.68.18,54155,DDoS,Critical,Vanuatu,TCP,Monitored,2026-02-16 12:02:55
541,205.6.194.14,156.35.132.70,43414,SQL Injection,Medium,United Arab Emirates,HTTP,Monitored,2026-02-05 14:58:12
542,126.15.145.52,223.11.57.60,42433,Malware,Medium,Chile,HTTPS,Blocked,2026-04-13 20:47:52
543,39.85.191.81,65.14.23.49,61534,Malware,Low,Italy,HTTPS,Allowed,2026-02-16 11:42:10
544,157.208.162.80,10.57.38.37,32217,DDoS,Medium,Brazil,HTTPS,Monitored,2026-02-10 05:04:15
545,143.26.37.215,63.204.34.23,20476,Phishing,Critical,Finland,HTTP,Monitored,2026-05-01 09:11:18
546,79.92.225.242,27.81.17.196,16358,Malware,Medium,Bahrain,HTTP,Monitored,2026-03-21 05:47:19
547,43.162.241.103,14.123.252.176,54690,Brute Force,Low,British Indian Ocean Territory (Chagos Archipelago),UDP,Monitored,2026-01-14 01:38:04
548,126.144.1.32,162.224.104.195,44850,DDoS,Low,French Guiana,UDP,Allowed,2026-02-14 20:26:03
549,64.53.143.170,52.4.180.80,62385,SQL Injection,Critical,United States Minor Outlying Islands,HTTP,Allowed,2026-03-27 22:16:09
550,20.238.78.194,204.67.74.56,36480,Brute Force,Low,Serbia,HTTPS,Blocked,2026-04-07 05:47:50
551,24.124.134.159,23.45.163.15,39125,DDoS,High,Korea,TCP,Monitored,2026-02-07 20:47:39
552,111.186.62.106,193.188.163.72,18773,Malware,High,Peru,TCP,Blocked,2026-02-08 08:55:08
553,140.70.8.97,187.237.117.0,26076,Phishing,High,Paraguay,UDP,Allowed,2026-04-07 13:34:53
554,70.133.183.34,34.147.200.208,11451,Brute Force,Low,Micronesia,TCP,Blocked,2026-05-08 21:11:02
555,165.173.208.161,205.38.235.112,57452,SQL Injection,Critical,Mali,HTTPS,Blocked,2026-02-21 14:26:12
556,51.199.25.50,87.110.58.250,44648,Brute Force,High,Moldova,TCP,Blocked,2026-04-13 01:16:59
557,218.224.233.12,87.67.123.45,17644,Phishing,Critical,French Guiana,HTTPS,Monitored,2026-02-12 10:51:30
558,7.187.40.48,217.184.209.25,12890,Brute Force,Critical,Malaysia,HTTP,Blocked,2026-05-11 19:51:32
559,87.140.135.81,7.157.137.124,23680,SQL Injection,Critical,Thailand,HTTP,Allowed,2026-04-10 16:03:09
560,109.112.157.182,73.39.194.32,38020,SQL Injection,Medium,Brunei Darussalam,HTTP,Blocked,2026-03-29 01:49:38
561,10.115.110.239,179.75.67.144,3120,Phishing,Critical,Sweden,HTTPS,Monitored,2026-04-19 02:39:47
562,74.88.86.227,80.124.145.192,45171,Malware,High,Sri Lanka,HTTPS,Monitored,2026-02-26 01:03:56
563,177.206.225.203,131.57.170.62,57939,Malware,High,Brazil,TCP,Blocked,2026-05-16 14:28:53
564,196.244.10.159,205.167.105.40,9366,SQL Injection,Critical,Senegal,TCP,Monitored,2026-04-21 04:49:03
565,122.141.33.156,155.127.218.247,6516,SQL Injection,Critical,Ireland,HTTPS,Allowed,2026-03-28 08:06:22
566,209.45.220.126,36.248.109.78,33374,Phishing,Medium,Guadeloupe,HTTP,Monitored,2026-01-11 16:07:12
567,55.223.192.160,28.67.226.9,39761,Phishing,Medium,Timor-Leste,UDP,Monitored,2026-04-28 18:53:48
568,62.97.32.172,50.191.234.160,35759,Brute Force,High,Vanuatu,HTTPS,Allowed,2026-01-17 12:16:39
569,112.157.3.237,165.241.154.246,56063,Phishing,Medium,Canada,HTTP,Monitored,2026-01-23 21:23:15
570,145.168.36.25,54.103.129.103,15895,SQL Injection,Medium,Botswana,HTTPS,Blocked,2026-04-18 13:54:55
571,29.192.81.236,135.45.47.128,18972,DDoS,High,Guinea-Bissau,UDP,Monitored,2026-04-12 10:39:07
572,156.33.162.230,84.96.53.157,12166,Phishing,Medium,Cayman Islands,HTTPS,Allowed,2026-04-04 04:36:07
573,114.123.0.106,50.228.34.119,14580,SQL Injection,Critical,Panama,UDP,Blocked,2026-05-02 18:29:28
574,160.218.131.228,98.79.102.70,8000,Malware,Medium,Congo,TCP,Monitored,2026-04-07 06:58:16
575,1.145.198.187,220.47.212.133,31305,DDoS,Critical,Slovenia,HTTPS,Monitored,2026-03-27 14:18:44
576,60.171.16.26,129.167.36.112,52702,Phishing,Critical,Cameroon,HTTP,Allowed,2026-05-28 08:43:02
577,13.223.17.37,213.95.212.9,6863,Malware,Critical,Micronesia,HTTPS,Monitored,2026-05-26 23:35:01
578,135.194.52.102,97.157.69.31,6452,Malware,Critical,Saint Martin,UDP,Allowed,2026-01-31 07:57:49
579,41.202.62.175,69.87.15.108,43171,Malware,Low,Andorra,HTTPS,Monitored,2026-03-01 16:05:08
580,140.197.136.110,16.7.222.195,5700,SQL Injection,High,Saint Kitts and Nevis,HTTP,Allowed,2026-02-14 01:38:12
581,78.194.170.201,213.183.64.227,20099,DDoS,High,Bouvet Island (Bouvetoya),TCP,Blocked,2026-05-14 21:25:33
582,8.182.156.158,40.23.63.89,32307,DDoS,Low,Gibraltar,TCP,Monitored,2026-01-16 20:59:44
583,80.203.29.32,152.193.197.168,60828,Phishing,Low,Jersey,TCP,Allowed,2026-04-11 06:28:24
584,161.254.95.149,223.145.222.114,7452,Phishing,High,Serbia,UDP,Blocked,2026-02-06 06:35:27
585,171.155.211.227,205.170.34.189,11050,DDoS,Critical,Wallis and Futuna,TCP,Allowed,2026-01-14 06:00:39
586,22.108.55.155,29.29.20.213,51008,Phishing,High,Guyana,TCP,Allowed,2026-03-03 06:17:11
587,37.157.76.72,30.121.223.108,12605,Brute Force,Critical,Zambia,HTTPS,Allowed,2026-01-02 03:11:17
588,92.140.88.226,121.59.162.65,61181,SQL Injection,Medium,Tajikistan,UDP,Monitored,2026-01-25 23:37:48
589,1.182.110.216,121.54.167.86,28749,Malware,Low,Nigeria,HTTPS,Blocked,2026-01-08 12:40:31
590,162.133.61.2,154.54.169.100,46308,Phishing,Medium,Greenland,UDP,Blocked,2026-02-10 14:18:27
591,204.14.238.242,196.29.232.142,37786,Brute Force,High,Ireland,HTTP,Monitored,2026-04-22 00:03:09
592,30.91.9.20,156.169.174.34,17342,Phishing,Critical,Barbados,UDP,Blocked,2026-04-18 18:30:19
593,144.81.148.171,47.108.67.133,59682,SQL Injection,Medium,Barbados,UDP,Blocked,2026-04-18 14:07:47
594,27.163.158.152,186.44.111.235,25314,Phishing,Critical,Afghanistan,TCP,Monitored,2026-02-04 09:45:59
595,111.149.4.117,53.99.200.11,17465,Brute Force,Medium,Russian Federation,UDP,Monitored,2026-04-16 12:02:52
596,20.95.140.57,15.88.219.218,31901,Phishing,High,Angola,TCP,Monitored,2026-01-11 11:29:50
597,209.10.61.246,15.74.254.254,36601,DDoS,High,Bahrain,HTTP,Allowed,2026-03-19 10:49:59
598,84.132.31.20,145.182.96.188,63050,DDoS,High,Cameroon,TCP,Blocked,2026-02-26 02:41:49
599,109.18.144.42,218.137.191.71,46036,DDoS,Low,Lebanon,HTTP,Monitored,2026-03-15 10:14:59
600,144.54.107.44,146.117.217.10,22056,SQL Injection,Medium,Equatorial Guinea,HTTP,Monitored,2026-05-13 12:45:53
601,3.151.147.26,15.9.46.168,21812,Malware,Medium,Peru,TCP,Allowed,2026-02-22 16:17:16
602,37.1.160.6,22.100.20.252,20004,DDoS,Medium,Antarctica (the territory South of 60 deg S),UDP,Monitored,2026-05-05 14:44:49
603,113.249.183.239,118.154.174.53,35195,Phishing,Medium,Argentina,HTTP,Blocked,2026-03-19 19:40:04
604,122.187.121.201,2.21.93.115,21079,Brute Force,Low,South Africa,UDP,Blocked,2026-02-13 07:02:49
605,43.102.204.171,93.134.80.112,11250,DDoS,High,Guernsey,HTTP,Blocked,2026-03-24 04:04:12
606,73.62.68.83,207.60.50.53,54372,Brute Force,Low,Cyprus,TCP,Monitored,2026-02-04 13:29:51
607,107.237.6.120,72.242.173.65,3210,Brute Force,High,Germany,HTTPS,Blocked,2026-05-24 11:35:01
608,25.34.173.183,44.118.22.168,63586,DDoS,Medium,Egypt,TCP,Monitored,2026-03-23 12:50:06
609,57.223.158.225,132.79.132.48,55931,Brute Force,Medium,Ireland,HTTP,Blocked,2026-03-29 03:12:22
610,182.93.110.75,143.58.173.4,41847,DDoS,Low,Poland,UDP,Allowed,2026-03-23 21:22:53
611,20.33.207.170,95.224.106.184,14348,SQL Injection,Critical,French Guiana,HTTPS,Monitored,2026-04-30 07:32:02
612,178.169.109.224,131.24.40.147,12070,DDoS,Low,Marshall Islands,UDP,Allowed,2026-04-09 11:30:29
613,48.88.199.10,100.50.217.147,17641,Malware,Critical,Rwanda,TCP,Allowed,2026-05-15 15:47:11
614,93.87.222.110,6.21.27.196,29227,Phishing,High,South Georgia and the South Sandwich Islands,HTTP,Blocked,2026-01-30 01:01:57
615,103.84.47.154,110.130.85.101,1258,Phishing,Medium,Guinea-Bissau,HTTP,Allowed,2026-04-03 10:49:29
616,131.96.246.176,63.5.189.37,36092,SQL Injection,Low,Venezuela,HTTP,Allowed,2026-05-05 13:40:51
617,189.222.10.96,74.241.240.76,55899,Phishing,Critical,Antarctica (the territory South of 60 deg S),UDP,Monitored,2026-05-19 20:25:09
618,151.13.188.62,15.2.63.145,24954,Brute Force,Critical,Mongolia,HTTP,Blocked,2026-03-23 11:13:06
619,13.142.176.80,140.125.171.78,11946,Phishing,Low,Cocos (Keeling) Islands,HTTPS,Blocked,2026-01-06 00:56:35
620,137.196.70.75,50.105.252.167,51083,Phishing,High,Germany,TCP,Blocked,2026-01-05 20:56:01
621,103.212.197.205,179.112.95.237,3640,DDoS,Low,United States of America,UDP,Monitored,2026-04-28 14:41:40
622,119.19.40.169,67.82.66.73,36816,Brute Force,Critical,Lebanon,HTTPS,Monitored,2026-02-17 13:39:14
623,109.211.159.32,44.243.231.3,1000,SQL Injection,Low,Gambia,HTTPS,Blocked,2026-05-25 20:49:32
624,2.208.246.232,81.54.104.116,22856,Malware,High,Saint Lucia,UDP,Allowed,2026-01-21 16:01:30
625,187.155.103.209,170.159.107.219,1621,SQL Injection,High,Russian Federation,UDP,Monitored,2026-05-22 08:50:07
626,177.45.110.113,94.189.17.27,28234,Brute Force,Low,Cayman Islands,HTTPS,Blocked,2026-05-17 08:30:37
627,133.93.99.133,106.53.217.62,65216,Malware,Medium,Germany,UDP,Allowed,2026-03-30 08:06:18
628,129.81.105.163,43.79.18.253,35677,Brute Force,Critical,Malaysia,TCP,Allowed,2026-04-04 10:35:38
629,11.222.61.233,199.232.204.49,42636,Phishing,Medium,Saint Kitts and Nevis,HTTPS,Monitored,2026-04-12 08:45:34
630,17.103.149.18,49.209.27.252,12099,Malware,Low,Bangladesh,UDP,Monitored,2026-02-19 22:23:45
631,129.199.72.102,141.129.70.19,59872,Malware,High,United Kingdom,HTTP,Blocked,2026-03-03 20:47:27
632,136.133.73.196,120.134.222.175,54338,Phishing,High,Northern Mariana Islands,HTTP,Monitored,2026-03-24 20:52:11
633,86.237.163.73,137.95.59.83,65324,Phishing,Low,Benin,HTTPS,Monitored,2026-05-02 08:17:54
634,168.116.6.177,156.244.104.156,47097,DDoS,Critical,Cape Verde,TCP,Allowed,2026-01-27 18:25:05
635,115.143.154.98,223.107.33.116,22073,DDoS,Critical,Venezuela,HTTP,Blocked,2026-03-01 20:58:34
636,3.86.3.168,3.202.64.130,18199,SQL Injection,Critical,Iceland,HTTP,Blocked,2026-03-19 11:43:08
637,182.67.138.90,43.152.69.117,43639,DDoS,Medium,Ecuador,HTTPS,Blocked,2026-03-29 21:43:31
638,216.22.152.111,130.57.121.238,2207,SQL Injection,Low,Guinea-Bissau,HTTP,Allowed,2026-03-10 04:55:54
639,20.173.60.224,8.117.32.128,8694,Brute Force,Low,Saint Helena,UDP,Allowed,2026-03-28 06:57:28
640,181.14.110.175,202.242.168.137,3125,Phishing,Low,Palestinian Territory,TCP,Allowed,2026-03-04 23:14:32
641,193.250.220.125,33.98.189.154,16137,Brute Force,Low,Lithuania,UDP,Blocked,2026-01-30 21:21:05
642,68.71.51.177,84.10.149.34,55277,Brute Force,High,Tonga,HTTPS,Allowed,2026-01-30 22:08:39
643,187.98.162.15,72.99.55.162,60326,Phishing,High,Bosnia and Herzegovina,TCP,Allowed,2026-02-15 13:27:53
644,163.28.87.11,51.254.145.89,46421,DDoS,Critical,Pakistan,HTTP,Blocked,2026-04-23 17:49:09
645,41.209.46.223,57.23.233.59,1685,Brute Force,Medium,American Samoa,TCP,Allowed,2026-01-20 01:50:13
646,209.37.153.55,110.150.21.150,23666,DDoS,Critical,Uzbekistan,HTTP,Allowed,2026-01-12 10:44:39
647,151.170.26.2,113.207.141.142,17627,Brute Force,Critical,Nigeria,UDP,Allowed,2026-03-27 13:02:34
648,90.24.90.131,175.72.36.186,26758,Phishing,Critical,Ireland,HTTP,Monitored,2026-01-11 13:12:39
649,47.159.34.84,108.192.101.23,42715,Malware,Critical,Gambia,HTTPS,Allowed,2026-02-20 06:19:29
650,205.203.253.214,67.130.188.124,23775,Brute Force,High,French Guiana,TCP,Monitored,2026-04-17 23:57:13
651,11.119.142.171,168.155.104.117,52785,Malware,Medium,Seychelles,TCP,Blocked,2026-04-03 03:05:36
652,202.50.56.167,121.147.243.4,18505,Brute Force,Low,Albania,TCP,Monitored,2026-02-07 14:28:18
653,126.113.132.1,56.55.205.112,9845,Malware,High,Bahrain,UDP,Allowed,2026-02-23 20:12:59
654,23.199.54.187,117.217.37.6,65026,DDoS,High,Barbados,HTTP,Allowed,2026-02-28 09:49:20
655,105.203.107.222,138.35.101.144,64979,Phishing,Medium,Egypt,TCP,Monitored,2026-04-05 07:34:06
656,1.246.76.81,106.69.97.152,36207,Brute Force,Medium,Guernsey,UDP,Blocked,2026-03-11 04:34:22
657,212.178.67.155,133.240.204.175,3225,SQL Injection,Medium,Pakistan,TCP,Allowed,2026-01-05 21:06:03
658,28.254.8.81,88.237.142.156,36982,Phishing,High,Morocco,HTTPS,Blocked,2026-05-09 09:35:03
659,154.43.87.54,62.147.250.118,44006,Phishing,Critical,Slovenia,UDP,Allowed,2026-05-10 11:47:24
660,212.132.223.133,74.33.30.181,46588,SQL Injection,Medium,Luxembourg,TCP,Allowed,2026-02-09 04:39:34
661,200.64.110.39,110.84.121.80,25182,Phishing,High,Bangladesh,HTTP,Monitored,2026-03-10 11:46:54
662,179.128.204.64,47.165.251.160,11044,Phishing,Medium,Saint Vincent and the Grenadines,UDP,Blocked,2026-01-11 17:12:54
663,214.215.26.90,149.151.88.156,27459,Malware,Medium,Rwanda,HTTP,Monitored,2026-03-26 08:33:53
664,106.119.4.79,184.134.131.74,46448,Brute Force,High,Mayotte,HTTP,Monitored,2026-01-31 09:33:14
665,138.141.78.171,162.252.188.224,43933,Malware,Medium,Guatemala,HTTPS,Monitored,2026-02-20 06:46:28
666,155.215.183.164,10.101.63.142,376,Phishing,Low,Mali,HTTPS,Monitored,2026-05-11 17:09:03
667,44.249.22.243,206.36.132.33,31768,DDoS,Medium,Somalia,HTTP,Monitored,2026-04-23 22:27:56
668,1.235.118.72,182.73.50.94,1633,Phishing,High,Saudi Arabia,UDP,Blocked,2026-03-07 15:03:39
669,90.191.86.254,67.100.202.123,1384,Brute Force,High,United Arab Emirates,TCP,Allowed,2026-01-03 09:36:36
670,141.138.130.129,91.106.99.64,55404,Phishing,High,Indonesia,HTTPS,Allowed,2026-02-17 02:46:49
671,96.22.174.87,187.186.100.158,36769,DDoS,High,Uganda,UDP,Allowed,2026-01-25 19:16:26
672,111.85.45.134,217.96.245.52,61509,Phishing,Low,Kazakhstan,HTTP,Monitored,2026-03-15 04:39:30
673,48.76.190.0,65.231.64.126,2765,Phishing,Medium,Myanmar,UDP,Allowed,2026-03-28 22:39:47
674,100.17.91.34,169.158.59.221,56072,Brute Force,High,Kenya,HTTPS,Monitored,2026-01-05 03:05:29
675,75.153.206.159,139.19.57.9,957,Malware,Critical,Zambia,UDP,Allowed,2026-03-07 19:39:57
676,207.140.139.223,214.149.184.44,35177,Malware,High,Cocos (Keeling) Islands,HTTP,Monitored,2026-05-26 16:58:14
677,57.227.231.222,118.43.30.157,27346,DDoS,High,Egypt,HTTPS,Allowed,2026-03-16 02:44:03
678,173.81.74.255,65.35.183.46,49229,Phishing,Medium,Aruba,UDP,Monitored,2026-04-21 03:18:03
679,181.32.94.177,98.157.160.221,61241,Brute Force,High,Pitcairn Islands,TCP,Monitored,2026-01-14 06:20:00
680,24.13.250.244,64.215.60.159,12334,SQL Injection,Medium,Russian Federation,TCP,Monitored,2026-02-13 19:17:48
681,39.112.13.9,191.176.78.62,61937,Malware,High,Romania,TCP,Allowed,2026-05-21 12:00:26
682,141.21.33.129,173.117.3.95,34069,Brute Force,Medium,Netherlands,HTTP,Blocked,2026-04-17 20:01:26
683,104.143.107.18,19.41.35.242,2819,DDoS,High,Mauritius,TCP,Allowed,2026-03-01 04:23:39
684,136.55.243.152,7.245.61.167,43416,Phishing,Critical,Senegal,HTTP,Allowed,2026-05-19 08:10:13
685,60.56.60.226,87.230.198.72,39229,Phishing,Low,Mauritania,HTTP,Allowed,2026-04-22 19:03:16
686,153.73.135.85,64.120.149.36,33416,DDoS,High,El Salvador,HTTPS,Monitored,2026-01-21 18:55:20
687,5.224.166.48,61.167.146.216,24145,SQL Injection,Critical,Central African Republic,TCP,Monitored,2026-04-25 06:05:34
688,110.12.50.70,137.1.179.48,25543,SQL Injection,Low,Belize,TCP,Allowed,2026-01-19 00:37:37
689,29.65.159.33,110.139.251.26,45787,Phishing,Medium,Lao People's Democratic Republic,TCP,Allowed,2026-02-15 21:24:55
690,214.203.48.161,3.234.127.201,4470,Malware,Medium,North Macedonia,HTTP,Monitored,2026-02-02 13:20:49
691,184.94.200.56,124.177.252.81,21957,Phishing,High,Canada,HTTPS,Allowed,2026-01-20 11:41:08
692,61.246.196.23,31.35.58.131,23555,SQL Injection,Critical,Equatorial Guinea,UDP,Blocked,2026-01-05 16:13:01
693,18.78.225.132,32.183.4.60,53811,DDoS,High,Iraq,HTTP,Allowed,2026-01-03 21:03:38
694,66.75.167.120,108.25.236.181,50998,Brute Force,Low,Christmas Island,HTTPS,Blocked,2026-03-03 03:30:32
695,157.150.154.204,147.63.34.115,46698,Phishing,High,Denmark,UDP,Blocked,2026-05-21 23:24:01
696,203.254.187.155,150.127.29.126,15249,Malware,High,Aruba,HTTPS,Monitored,2026-04-09 00:59:07
697,183.49.158.51,19.135.94.236,8243,DDoS,High,French Guiana,HTTPS,Blocked,2026-05-04 00:24:01
698,18.25.78.211,217.173.107.255,44995,Brute Force,High,Palau,UDP,Monitored,2026-02-23 22:20:38
699,126.248.232.123,189.254.28.110,37827,SQL Injection,Low,Isle of Man,TCP,Blocked,2026-02-12 20:07:35
700,88.118.201.11,146.215.57.116,44174,SQL Injection,Critical,India,HTTPS,Monitored,2026-03-30 05:48:39
701,115.144.116.179,94.97.75.48,13508,Phishing,Critical,Christmas Island,HTTP,Monitored,2026-04-17 17:33:52
702,108.123.88.143,101.66.109.65,26334,Brute Force,Low,Zambia,UDP,Monitored,2026-03-11 17:12:45
703,8.239.83.88,120.226.88.151,3277,SQL Injection,Medium,Brazil,HTTPS,Allowed,2026-02-16 00:57:21
704,198.74.234.67,95.244.204.156,57807,Malware,Low,Estonia,HTTP,Monitored,2026-03-07 04:24:47
705,91.26.32.80,120.190.59.61,35706,Phishing,Low,Nauru,HTTPS,Blocked,2026-04-28 16:06:20
706,2.69.235.237,209.145.178.162,2729,Brute Force,Medium,Egypt,TCP,Monitored,2026-03-09 15:29:15
707,218.178.68.234,221.37.73.109,46520,Brute Force,High,Sri Lanka,HTTPS,Blocked,2026-02-12 03:42:59
708,173.254.244.86,3.117.25.197,64523,Malware,Critical,Morocco,HTTP,Allowed,2026-02-28 13:03:37
709,193.139.11.80,186.237.40.250,8819,Phishing,Medium,Portugal,UDP,Monitored,2026-05-04 01:16:43
710,15.130.204.151,70.197.65.136,27612,DDoS,Low,Timor-Leste,TCP,Allowed,2026-04-19 12:48:10
711,172.140.134.1,106.92.150.135,59752,DDoS,High,French Southern Territories,HTTPS,Monitored,2026-05-25 04:38:48
712,25.165.71.49,82.62.206.163,35612,Phishing,High,Turkmenistan,HTTPS,Blocked,2026-05-10 15:49:16
713,201.247.111.240,73.93.104.75,10075,Phishing,High,India,UDP,Allowed,2026-02-02 10:42:35
714,154.110.93.129,48.136.116.7,17743,Brute Force,High,Bangladesh,TCP,Blocked,2026-05-19 11:45:47
715,220.143.116.127,98.123.41.146,21778,Brute Force,Medium,Palau,UDP,Allowed,2026-01-05 03:04:45
716,96.143.55.189,53.131.102.70,17846,Phishing,Critical,Saint Barthelemy,HTTPS,Allowed,2026-02-15 22:46:23
717,201.75.140.202,47.137.62.157,17108,DDoS,High,Belize,TCP,Blocked,2026-03-21 08:26:38
718,43.238.193.77,82.164.24.157,6699,Malware,Medium,Saint Martin,HTTP,Blocked,2026-03-14 21:33:53
719,186.150.220.129,159.203.78.245,52131,DDoS,Medium,Cape Verde,HTTPS,Monitored,2026-03-27 17:46:00
720,79.39.62.70,184.202.231.210,20420,Brute Force,Critical,Venezuela,TCP,Blocked,2026-02-13 18:01:40
721,17.211.185.208,135.223.172.252,30725,Brute Force,High,Turks and Caicos Islands,HTTP,Monitored,2026-03-08 02:11:13
722,22.27.247.28,40.144.104.210,30167,DDoS,Critical,Libyan Arab Jamahiriya,HTTPS,Monitored,2026-01-03 06:16:36
723,83.8.48.123,54.211.209.254,9793,Malware,High,French Southern Territories,HTTPS,Monitored,2026-05-20 22:07:06
724,168.245.47.7,46.246.138.28,18304,Malware,Medium,Switzerland,TCP,Allowed,2026-01-31 09:06:28
725,171.114.242.114,15.174.128.27,38639,DDoS,High,Hong Kong,TCP,Blocked,2026-01-25 04:44:38
726,215.210.207.248,29.19.38.133,43926,DDoS,Critical,Latvia,HTTP,Blocked,2026-02-03 01:26:08
727,16.213.167.197,12.241.235.163,55778,Brute Force,Low,Greece,UDP,Monitored,2026-02-02 22:15:39
728,22.151.53.127,149.187.159.56,55021,Phishing,Low,Belarus,HTTP,Blocked,2026-01-08 16:21:24
729,146.170.157.111,177.16.180.136,29090,Phishing,Critical,Antarctica (the territory South of 60 deg S),HTTP,Blocked,2026-03-01 21:42:50
730,160.43.125.168,152.215.232.33,30666,Brute Force,High,Greenland,HTTP,Blocked,2026-03-28 10:00:35
731,217.2.9.241,51.116.131.170,41091,Phishing,Critical,Central African Republic,HTTPS,Allowed,2026-04-08 10:56:30
732,152.246.161.204,56.240.243.114,5696,SQL Injection,Medium,Malta,UDP,Allowed,2026-03-07 03:48:04
733,56.134.149.229,47.139.190.118,1159,DDoS,High,Niue,TCP,Monitored,2026-04-19 03:20:11
734,72.144.143.76,94.46.163.243,20151,Brute Force,Low,Anguilla,UDP,Allowed,2026-04-23 14:04:57
735,76.1.217.147,101.235.88.31,24131,Phishing,Low,Poland,HTTPS,Allowed,2026-03-10 02:19:37
736,36.37.24.231,34.245.66.117,55285,DDoS,High,Greenland,HTTP,Allowed,2026-04-13 03:23:36
737,212.65.124.213,70.169.144.248,58079,SQL Injection,Medium,Malaysia,HTTPS,Allowed,2026-01-09 19:22:20
738,130.63.110.207,82.74.48.6,15978,Malware,Critical,Zimbabwe,UDP,Allowed,2026-03-12 08:16:41
739,187.95.67.177,2.75.74.123,26054,SQL Injection,Medium,Nepal,TCP,Allowed,2026-01-04 02:43:47
740,195.77.30.42,28.21.29.181,45191,SQL Injection,Low,Pakistan,TCP,Blocked,2026-03-13 12:58:31
741,220.76.235.47,9.221.216.6,30550,DDoS,High,Christmas Island,HTTPS,Monitored,2026-03-07 00:49:27
742,98.7.196.159,132.57.220.117,24008,Phishing,Medium,Lesotho,UDP,Blocked,2026-02-17 01:59:35
743,2.98.239.135,14.249.29.159,8835,SQL Injection,Low,Pakistan,TCP,Blocked,2026-04-05 01:33:32
744,191.233.235.82,197.213.139.239,11949,SQL Injection,Medium,Cape Verde,HTTPS,Blocked,2026-03-09 22:00:13
745,148.204.110.235,105.58.88.248,23106,Phishing,Low,Mali,HTTPS,Blocked,2026-01-23 05:40:10
746,174.244.155.244,220.39.115.101,60516,Phishing,Low,United Kingdom,TCP,Blocked,2026-01-20 15:53:41
747,198.216.59.244,199.209.132.79,26680,Malware,Critical,Cyprus,HTTPS,Blocked,2026-03-19 22:17:44
748,70.227.148.37,28.186.148.191,17862,Malware,Low,Myanmar,HTTPS,Blocked,2026-05-18 13:18:12
749,118.106.125.173,85.20.92.145,35289,Brute Force,Low,Comoros,HTTP,Monitored,2026-02-03 03:37:15
750,33.186.230.251,14.28.77.107,18579,Phishing,Critical,Congo,TCP,Monitored,2026-04-24 09:20:03
751,69.62.63.41,13.163.39.129,24454,DDoS,Low,Swaziland,UDP,Monitored,2026-05-13 21:24:07
752,132.204.72.119,13.94.174.225,39588,Malware,Critical,Eritrea,UDP,Monitored,2026-04-26 15:53:58
753,31.67.46.244,102.236.118.225,16964,Malware,Critical,Andorra,HTTP,Blocked,2026-03-11 13:50:58
754,153.66.153.47,60.49.222.61,39586,DDoS,Low,Barbados,HTTPS,Allowed,2026-04-02 20:16:27
755,142.149.250.140,28.236.201.169,55739,Malware,Critical,Bahamas,UDP,Monitored,2026-04-01 01:25:37
756,46.137.163.121,202.94.210.93,58186,Phishing,Critical,Dominican Republic,HTTPS,Allowed,2026-04-02 07:24:23
757,208.158.109.197,120.110.145.100,41563,Phishing,Critical,Slovakia (Slovak Republic),UDP,Blocked,2026-02-13 03:34:36
758,174.132.146.179,169.165.13.31,3217,DDoS,Critical,United Arab Emirates,HTTPS,Monitored,2026-02-01 19:00:45
759,158.204.223.138,149.158.95.226,40722,SQL Injection,Low,Nauru,HTTPS,Monitored,2026-04-04 10:20:42
760,110.177.59.14,130.228.248.230,64372,Brute Force,Low,Guernsey,TCP,Blocked,2026-01-05 06:21:29
761,141.150.245.167,162.97.33.171,20247,Brute Force,Critical,Western Sahara,TCP,Monitored,2026-01-15 19:10:40
762,66.238.223.74,207.170.215.100,2311,Malware,Critical,Slovenia,HTTP,Blocked,2026-02-11 05:26:24
763,141.150.27.93,187.139.77.150,45796,Malware,Critical,Korea,UDP,Blocked,2026-03-21 20:40:50
764,117.101.11.234,194.174.180.64,31700,SQL Injection,Medium,Bosnia and Herzegovina,UDP,Monitored,2026-01-21 14:08:46
765,54.108.183.95,162.159.54.20,33834,DDoS,Low,Sri Lanka,UDP,Blocked,2026-04-30 06:55:28
766,120.182.174.178,13.178.206.112,23282,Malware,Critical,Pitcairn Islands,UDP,Blocked,2026-03-08 10:12:04
767,142.119.36.221,161.194.145.20,20631,Brute Force,Low,Moldova,HTTPS,Allowed,2026-03-22 09:12:21
768,191.222.93.168,37.33.225.96,10720,DDoS,Low,Norfolk Island,TCP,Blocked,2026-04-06 16:43:14
769,4.177.65.158,123.217.13.168,21998,Malware,Medium,French Guiana,UDP,Monitored,2026-03-04 15:26:20
770,131.233.207.112,192.219.111.164,14699,Brute Force,Medium,Northern Mariana Islands,UDP,Allowed,2026-01-07 08:44:22
771,47.37.79.35,153.132.52.191,29224,Phishing,Critical,Malta,UDP,Allowed,2026-05-17 16:17:35
772,181.134.39.96,62.128.159.150,4146,DDoS,Critical,Trinidad and Tobago,HTTPS,Monitored,2026-04-02 07:32:23
773,10.253.45.0,85.69.54.134,54796,DDoS,Low,Saint Lucia,HTTP,Monitored,2026-04-20 05:13:20
774,82.8.58.17,141.218.192.195,40346,SQL Injection,Low,Lesotho,UDP,Blocked,2026-05-16 13:53:36
775,194.41.163.132,195.47.162.68,52409,DDoS,Critical,Vietnam,UDP,Monitored,2026-01-21 06:29:24
776,141.229.57.155,19.105.95.74,57724,Brute Force,Medium,Bosnia and Herzegovina,UDP,Blocked,2026-02-27 21:53:06
777,199.252.57.81,37.56.75.106,65418,SQL Injection,High,South Georgia and the South Sandwich Islands,UDP,Monitored,2026-04-27 18:30:18
778,135.153.116.13,154.7.167.81,46043,SQL Injection,Critical,Haiti,UDP,Monitored,2026-03-19 10:01:16
779,5.67.49.194,206.203.225.130,4849,Phishing,Medium,Mali,HTTP,Monitored,2026-04-14 00:58:46
780,104.202.200.86,45.38.242.32,56449,DDoS,Critical,Burkina Faso,UDP,Allowed,2026-01-04 05:19:59
781,10.72.100.54,82.75.149.201,17955,Malware,Medium,Saint Helena,UDP,Blocked,2026-04-14 02:48:23
782,70.53.12.223,105.222.202.75,35924,Phishing,High,Puerto Rico,UDP,Allowed,2026-01-14 04:42:18
783,212.77.203.194,112.154.101.41,43261,Brute Force,Critical,Sierra Leone,TCP,Monitored,2026-02-13 03:25:18
784,90.238.15.101,43.99.74.39,32467,Malware,High,China,UDP,Blocked,2026-01-06 19:21:34
785,150.138.162.149,155.101.227.41,2704,Malware,Medium,Maldives,TCP,Allowed,2026-02-04 14:36:25
786,184.7.242.166,215.3.100.188,38074,Phishing,Medium,Australia,UDP,Monitored,2026-05-08 00:49:19
787,120.244.45.251,22.142.27.183,30018,Brute Force,Critical,Martinique,HTTP,Monitored,2026-04-23 16:10:12
788,218.138.1.116,135.75.48.77,2751,Malware,Medium,Saint Helena,UDP,Monitored,2026-02-22 09:25:58
789,153.94.248.201,27.223.239.193,19380,SQL Injection,Low,Oman,TCP,Blocked,2026-05-22 01:14:59
790,147.7.127.116,53.207.39.13,4010,SQL Injection,Critical,Romania,HTTPS,Monitored,2026-03-21 09:40:38
791,8.250.121.75,82.82.11.137,60851,Malware,High,Liberia,UDP,Monitored,2026-01-23 03:50:20
792,119.45.77.245,81.227.39.107,53206,Malware,High,Mali,TCP,Allowed,2026-01-03 10:12:34
793,184.95.28.19,204.128.219.67,55058,SQL Injection,Critical,Tunisia,TCP,Monitored,2026-02-04 20:20:16
794,139.180.38.31,211.181.6.222,52684,Phishing,Low,Anguilla,UDP,Monitored,2026-02-28 10:22:00
795,132.224.45.231,198.251.232.26,51443,SQL Injection,Low,Mauritania,TCP,Allowed,2026-04-13 20:10:29
796,184.28.252.35,73.54.236.58,25634,Malware,Medium,Libyan Arab Jamahiriya,HTTPS,Monitored,2026-02-14 16:56:05
797,135.255.92.167,82.164.216.102,4777,SQL Injection,Low,Albania,UDP,Blocked,2026-03-04 21:05:13
798,174.118.129.86,152.95.86.35,42241,Phishing,Critical,France,TCP,Allowed,2026-04-17 03:38:23
799,34.71.217.73,87.81.127.149,46999,Malware,High,Micronesia,HTTPS,Monitored,2026-01-01 01:23:18
800,39.68.74.95,46.192.6.239,34410,Phishing,Medium,India,HTTP,Allowed,2026-02-22 08:49:07
801,7.195.22.67,37.221.51.99,9205,Malware,High,Israel,UDP,Blocked,2026-01-13 09:35:41
802,151.152.200.39,116.72.115.73,27193,Phishing,Medium,Serbia,TCP,Monitored,2026-03-26 14:12:34
803,48.63.106.57,159.46.62.26,59439,Malware,High,Kazakhstan,UDP,Monitored,2026-04-19 01:33:05
804,15.42.217.111,132.234.29.164,62649,SQL Injection,Low,Mayotte,HTTPS,Blocked,2026-01-20 23:47:06
805,177.154.50.126,174.130.22.208,47251,SQL Injection,Critical,Djibouti,UDP,Allowed,2026-01-10 00:18:05
806,126.203.11.22,220.80.42.233,22089,DDoS,Medium,Madagascar,HTTPS,Blocked,2026-03-29 10:21:32
807,62.20.118.144,60.146.154.4,15643,DDoS,Medium,Turkey,HTTPS,Allowed,2026-04-02 15:57:26
808,60.3.80.110,35.2.220.209,41094,SQL Injection,Medium,Jersey,TCP,Blocked,2026-04-10 03:11:56
809,73.8.219.87,113.13.94.171,64354,Brute Force,Medium,Tajikistan,UDP,Monitored,2026-02-25 19:05:50
810,122.12.189.6,183.163.133.182,46842,Phishing,Critical,Reunion,HTTP,Blocked,2026-01-30 03:24:17
811,52.233.106.91,162.4.160.169,1669,Brute Force,Medium,Liberia,TCP,Allowed,2026-01-14 21:35:12
812,88.148.163.132,72.187.227.232,32525,Brute Force,Critical,Faroe Islands,HTTP,Monitored,2026-03-13 08:53:19
813,101.172.210.94,192.144.175.210,3125,DDoS,Critical,France,TCP,Blocked,2026-03-07 00:12:33
814,31.0.24.250,82.110.119.230,59142,Brute Force,Low,Eritrea,HTTP,Monitored,2026-04-29 08:12:38
815,77.121.127.113,219.195.166.69,32050,DDoS,Medium,Afghanistan,TCP,Monitored,2026-03-25 05:38:28
816,19.153.24.28,39.218.44.163,53848,SQL Injection,Low,Belgium,TCP,Allowed,2026-04-03 23:33:27
817,7.248.217.2,109.157.234.151,64636,SQL Injection,Medium,Cook Islands,TCP,Blocked,2026-03-09 10:09:20
818,90.12.31.122,160.55.26.115,1314,Phishing,Low,Australia,HTTPS,Blocked,2026-02-03 06:59:01
819,88.248.227.177,113.184.2.224,36110,Malware,Critical,Saint Vincent and the Grenadines,UDP,Monitored,2026-02-22 04:31:21
820,104.160.186.224,209.189.169.38,43911,Phishing,Medium,Libyan Arab Jamahiriya,TCP,Monitored,2026-05-08 14:16:56
821,71.173.182.179,79.136.194.218,10483,Phishing,High,Azerbaijan,TCP,Monitored,2026-02-09 11:12:18
822,193.53.236.73,101.201.229.255,55908,Malware,Low,Moldova,UDP,Blocked,2026-03-30 09:06:56
823,204.158.218.116,180.223.41.77,4368,Phishing,High,Saint Pierre and Miquelon,UDP,Monitored,2026-05-19 06:42:01
824,189.116.165.200,182.188.100.65,35901,SQL Injection,Critical,Sudan,UDP,Monitored,2026-04-16 03:35:43
825,162.176.187.138,143.248.57.110,50380,Brute Force,Low,Mexico,HTTP,Allowed,2026-05-22 04:02:00
826,217.112.156.46,141.150.171.39,33018,DDoS,Low,Dominica,UDP,Allowed,2026-05-25 18:10:18
827,172.62.51.219,97.108.142.183,57609,Brute Force,High,Kyrgyz Republic,TCP,Allowed,2026-02-24 06:59:08
828,121.59.123.128,15.70.252.152,64969,SQL Injection,Low,French Southern Territories,UDP,Monitored,2026-03-18 21:43:51
829,151.142.192.147,4.132.3.155,39535,Brute Force,Low,Iraq,HTTPS,Allowed,2026-04-13 22:25:06
830,102.246.97.148,208.55.44.171,65059,DDoS,Critical,Congo,UDP,Monitored,2026-02-13 19:34:52
831,154.244.186.137,157.42.66.168,39040,Brute Force,Low,Mongolia,TCP,Blocked,2026-05-13 23:05:06
832,105.222.208.170,143.132.185.167,29367,Phishing,Low,Gambia,UDP,Blocked,2026-03-30 06:09:17
833,111.164.117.233,217.161.156.120,49385,Malware,High,Bangladesh,UDP,Monitored,2026-01-04 14:18:37
834,31.121.118.132,29.184.135.148,43380,Malware,Critical,Saudi Arabia,UDP,Monitored,2026-05-01 23:00:38
835,145.95.190.145,139.201.17.238,28426,Brute Force,Low,Korea,HTTPS,Monitored,2026-01-17 11:44:20
836,143.184.105.28,214.151.109.179,40730,Brute Force,Medium,Kenya,UDP,Monitored,2026-04-27 14:56:59
837,163.33.61.245,135.42.124.247,63556,Malware,Critical,Liberia,UDP,Allowed,2026-05-21 19:45:55
838,79.130.77.134,69.18.143.105,63803,Brute Force,Critical,Paraguay,HTTP,Monitored,2026-01-01 12:21:18
839,143.28.183.65,4.97.142.117,15916,Brute Force,Low,Saint Barthelemy,HTTP,Blocked,2026-04-13 14:10:02
840,152.228.236.134,218.15.254.106,5170,DDoS,Low,Romania,UDP,Monitored,2026-01-30 11:47:23
841,21.83.50.81,166.80.63.16,35243,Malware,Medium,Guatemala,HTTPS,Blocked,2026-05-05 22:40:19
842,14.196.65.38,38.9.119.33,20673,Brute Force,Medium,China,UDP,Monitored,2026-04-11 23:01:13
843,136.68.163.35,114.207.52.6,3395,Phishing,High,Hong Kong,HTTP,Monitored,2026-04-20 16:07:37
844,49.196.24.72,155.249.93.220,47473,Malware,Low,Maldives,HTTP,Blocked,2026-02-04 19:22:20
845,115.176.5.87,157.82.13.81,21199,DDoS,High,Cook Islands,HTTP,Allowed,2026-05-01 10:19:11
846,135.121.209.182,219.96.65.237,46112,SQL Injection,Medium,Turkey,HTTPS,Allowed,2026-01-20 15:38:04
847,61.31.205.200,81.45.120.110,55689,SQL Injection,Low,Greenland,HTTPS,Monitored,2026-05-19 20:19:33
848,80.114.45.140,137.89.189.194,25237,Brute Force,High,Indonesia,HTTPS,Allowed,2026-03-18 07:03:03
849,197.179.251.212,189.84.89.252,48117,SQL Injection,Low,Maldives,HTTPS,Monitored,2026-04-02 10:43:25
850,29.197.226.210,201.245.213.174,51604,Malware,Medium,Italy,HTTPS,Monitored,2026-05-22 21:28:04
851,130.52.102.52,82.155.22.87,63042,SQL Injection,Critical,Sudan,UDP,Monitored,2026-01-24 18:13:26
852,20.42.253.95,8.155.209.93,41664,SQL Injection,High,Israel,HTTP,Allowed,2026-03-04 14:31:35
853,124.116.85.143,215.185.165.178,35331,Malware,Medium,Austria,HTTPS,Allowed,2026-02-06 14:51:47
854,29.197.250.235,42.21.156.58,35826,Phishing,High,Saudi Arabia,HTTP,Blocked,2026-04-27 07:29:51
855,207.251.93.105,15.151.254.197,24256,Phishing,Medium,Saint Martin,HTTPS,Monitored,2026-04-16 12:49:11
856,2.219.50.182,17.119.201.252,54414,Brute Force,Critical,Ghana,TCP,Allowed,2026-01-11 13:42:02
857,96.121.76.57,160.81.109.33,34560,Brute Force,High,Liechtenstein,UDP,Allowed,2026-03-26 14:15:46
858,143.248.14.111,67.15.111.120,25418,Brute Force,Critical,Israel,HTTP,Blocked,2026-03-12 17:55:01
859,141.83.228.89,48.225.221.61,55424,DDoS,Medium,Heard Island and McDonald Islands,UDP,Blocked,2026-04-16 17:19:25
860,98.222.225.93,77.155.93.28,15390,SQL Injection,Medium,Panama,TCP,Allowed,2026-02-19 23:09:01
861,83.42.247.66,117.156.53.176,8025,Malware,Low,Gabon,HTTP,Allowed,2026-02-25 22:22:11
862,185.199.89.86,12.237.89.152,54328,Brute Force,Medium,Portugal,HTTPS,Blocked,2026-04-30 00:13:53
863,157.119.22.60,94.238.80.200,12258,SQL Injection,High,Guyana,TCP,Monitored,2026-01-25 23:30:56
864,194.182.13.168,168.101.109.214,27319,Brute Force,Medium,South Africa,HTTPS,Allowed,2026-05-22 02:15:17
865,210.227.193.29,220.35.251.220,9294,Phishing,Critical,Nepal,HTTPS,Allowed,2026-04-02 08:42:40
866,203.227.39.206,24.6.10.115,16241,Phishing,Low,Panama,HTTPS,Blocked,2026-05-16 20:11:33
867,33.107.86.9,107.170.127.169,21190,SQL Injection,Low,Pitcairn Islands,HTTPS,Allowed,2026-03-21 20:25:05
868,223.203.83.99,122.38.102.93,35308,SQL Injection,High,Marshall Islands,TCP,Blocked,2026-05-16 00:28:17
869,206.230.56.47,222.210.5.78,26173,Phishing,Medium,Vietnam,HTTPS,Allowed,2026-03-23 15:38:56
870,28.8.103.122,211.97.54.47,24131,Malware,Medium,South Georgia and the South Sandwich Islands,HTTPS,Allowed,2026-01-28 09:13:34
871,185.164.177.178,47.245.5.201,18798,Malware,Low,Australia,UDP,Allowed,2026-03-15 21:46:38
872,71.64.165.164,4.249.234.33,13618,Phishing,High,Kuwait,TCP,Monitored,2026-03-29 00:13:52
873,26.190.49.49,60.254.77.62,40862,Phishing,Medium,Saint Barthelemy,TCP,Allowed,2026-05-04 18:37:35
874,26.27.183.177,161.111.160.132,22256,Brute Force,Low,Guinea,TCP,Allowed,2026-01-11 14:21:19
875,111.213.60.227,181.234.113.158,41580,DDoS,High,Malta,HTTPS,Allowed,2026-02-07 15:53:40
876,2.243.81.123,137.105.32.238,28061,Phishing,Medium,Turkmenistan,HTTP,Monitored,2026-05-03 03:26:49
877,89.3.181.94,189.106.178.187,39523,Brute Force,Low,Angola,HTTPS,Blocked,2026-05-08 04:31:59
878,10.26.30.251,168.234.214.121,26691,SQL Injection,Low,Suriname,UDP,Allowed,2026-03-14 18:05:05
879,73.35.143.168,112.71.104.170,14129,Malware,Critical,Bahrain,UDP,Blocked,2026-03-09 13:34:19
880,21.245.44.127,120.181.228.51,32841,Phishing,High,Libyan Arab Jamahiriya,HTTP,Allowed,2026-04-25 07:21:09
881,220.57.173.41,20.181.38.90,20841,DDoS,Low,Philippines,HTTP,Monitored,2026-03-04 11:55:28
882,10.87.129.45,88.133.137.110,21607,Malware,High,Cocos (Keeling) Islands,TCP,Allowed,2026-03-22 10:17:04
883,68.18.172.40,111.151.83.194,10207,DDoS,Critical,Chad,TCP,Monitored,2026-02-07 08:12:52
884,69.124.152.125,99.232.73.243,51094,Phishing,Low,Congo,UDP,Blocked,2026-03-07 16:14:03
885,21.122.170.112,207.178.18.125,37520,SQL Injection,Low,New Caledonia,UDP,Allowed,2026-02-21 22:59:02
886,48.3.198.24,67.168.135.21,23027,Brute Force,Critical,Djibouti,UDP,Blocked,2026-05-24 13:22:24
887,113.88.174.236,178.204.97.198,12016,Phishing,Critical,Norfolk Island,TCP,Allowed,2026-05-16 09:24:51
888,138.193.246.127,181.123.159.64,51346,SQL Injection,Critical,Nicaragua,HTTPS,Monitored,2026-05-04 19:22:06
889,48.222.69.150,177.179.64.136,65462,DDoS,Low,Chad,HTTP,Monitored,2026-01-15 23:28:54
890,221.13.20.64,208.95.86.224,54504,SQL Injection,Low,Brunei Darussalam,HTTP,Blocked,2026-04-25 07:57:17
891,162.134.238.195,2.242.86.14,49944,Brute Force,Medium,Panama,HTTP,Monitored,2026-01-27 19:07:14
892,168.61.227.39,31.166.55.101,65003,Malware,Medium,Nigeria,HTTP,Monitored,2026-03-18 12:18:18
893,85.148.115.89,157.135.229.144,46711,Brute Force,Medium,Singapore,HTTP,Blocked,2026-03-04 14:56:20
894,156.82.213.155,115.171.125.249,40858,SQL Injection,Low,Korea,TCP,Monitored,2026-04-19 02:41:37
895,99.1.210.219,2.71.193.151,64148,SQL Injection,High,Belarus,UDP,Monitored,2026-02-07 18:10:37
896,26.219.44.5,61.158.147.240,11019,SQL Injection,High,Venezuela,HTTPS,Monitored,2026-02-13 07:23:18
897,207.97.151.57,170.247.107.192,4760,Phishing,High,Palestinian Territory,HTTP,Allowed,2026-02-21 17:03:58
898,92.55.24.197,68.108.126.162,4170,Phishing,High,Saint Martin,TCP,Blocked,2026-04-03 00:04:09
899,38.190.137.222,220.190.196.179,37120,Brute Force,Low,Saint Lucia,UDP,Allowed,2026-01-19 07:17:25
900,57.135.95.156,179.219.177.241,267,DDoS,Medium,Malawi,UDP,Allowed,2026-01-25 15:00:57
901,167.230.185.161,22.37.91.36,27281,Brute Force,Critical,Malaysia,HTTPS,Blocked,2026-04-24 18:20:16
902,21.117.191.94,183.89.150.70,39986,Brute Force,Medium,Puerto Rico,HTTPS,Allowed,2026-04-12 09:16:14
903,76.66.0.48,205.220.209.4,42420,SQL Injection,High,Montserrat,HTTP,Monitored,2026-03-12 08:16:41
904,61.11.255.191,126.72.172.182,13432,SQL Injection,Low,Sudan,HTTPS,Allowed,2026-01-16 07:50:23
905,35.141.32.248,222.138.252.162,64808,Brute Force,High,Jersey,HTTP,Monitored,2026-04-17 03:01:24
906,107.16.92.40,89.249.152.54,57081,DDoS,Medium,Uganda,HTTPS,Allowed,2026-05-10 17:40:22
907,203.168.207.8,184.201.128.242,1608,Brute Force,Low,Oman,TCP,Monitored,2026-01-04 17:24:25
908,60.216.212.38,141.250.221.184,44236,DDoS,Low,Belgium,HTTPS,Blocked,2026-01-16 19:31:57
909,130.38.194.181,75.111.77.8,41094,Brute Force,Critical,Argentina,HTTPS,Blocked,2026-03-14 23:23:54
910,166.225.228.205,83.192.130.179,64495,Phishing,Medium,Malawi,TCP,Blocked,2026-02-05 02:42:44
911,60.87.250.30,31.159.139.176,2692,SQL Injection,Medium,Marshall Islands,HTTPS,Blocked,2026-04-08 19:15:39
912,167.149.147.36,43.174.154.135,17008,Brute Force,Low,Panama,HTTP,Monitored,2026-03-12 17:41:02
913,68.214.117.225,164.176.88.132,14226,Phishing,High,Costa Rica,HTTP,Allowed,2026-02-06 11:55:12
914,99.19.96.104,182.102.97.35,59265,DDoS,Critical,Jamaica,TCP,Allowed,2026-04-30 09:48:03
915,97.51.238.141,66.226.235.15,15592,Phishing,Medium,Monaco,HTTP,Allowed,2026-02-12 10:15:42
916,184.133.20.195,201.229.254.174,63469,Phishing,Critical,Holy See (Vatican City State),TCP,Allowed,2026-03-14 15:32:56
917,92.92.61.26,161.100.83.232,65268,Malware,Low,Georgia,HTTP,Blocked,2026-02-28 16:12:15
918,76.147.157.205,149.186.81.237,40056,SQL Injection,Low,Qatar,UDP,Blocked,2026-03-23 20:15:44
919,153.190.14.240,44.176.100.15,50281,Phishing,High,New Caledonia,HTTP,Monitored,2026-02-04 13:24:00
920,162.83.47.240,202.182.57.99,19155,DDoS,High,Gibraltar,HTTPS,Allowed,2026-03-14 10:54:54
921,191.111.78.208,134.141.102.25,17247,Brute Force,Low,Wallis and Futuna,HTTP,Allowed,2026-01-27 04:00:19
922,19.51.125.101,49.30.209.142,42180,DDoS,Medium,Hong Kong,UDP,Monitored,2026-04-28 20:32:41
923,198.15.143.136,60.111.67.137,49737,DDoS,Critical,Central African Republic,TCP,Blocked,2026-02-08 23:23:37
924,174.238.88.222,26.245.112.238,28550,DDoS,Critical,Bangladesh,HTTP,Allowed,2026-04-03 16:26:58
925,171.134.146.233,87.22.156.74,18328,Malware,Low,Comoros,HTTPS,Blocked,2026-04-15 14:02:06
926,77.139.27.242,32.90.83.155,30898,Phishing,Medium,Guinea-Bissau,UDP,Blocked,2026-01-22 10:44:32
927,162.8.187.218,209.253.115.97,59460,Phishing,Critical,Palau,TCP,Monitored,2026-05-20 16:45:00
928,141.195.14.46,51.100.130.153,42118,Phishing,Critical,United States of America,HTTP,Allowed,2026-01-15 23:28:49
929,166.0.64.39,51.185.235.220,48256,Brute Force,Medium,Israel,HTTPS,Allowed,2026-02-26 20:24:32
930,58.155.146.14,86.59.246.28,9929,Brute Force,Low,Mauritius,HTTPS,Monitored,2026-05-10 01:53:38
931,124.23.178.95,208.133.106.4,5398,SQL Injection,Low,Greece,TCP,Blocked,2026-05-12 19:30:06
932,181.69.234.234,70.60.63.66,62471,DDoS,Low,Azerbaijan,TCP,Blocked,2026-02-12 02:44:29
933,144.104.176.178,12.226.130.144,18854,Malware,High,Qatar,TCP,Blocked,2026-02-23 01:05:35
934,39.190.250.60,13.103.188.72,6900,SQL Injection,Critical,Singapore,TCP,Allowed,2026-03-10 08:13:39
935,223.247.237.122,157.25.204.88,3678,Malware,Low,French Polynesia,HTTP,Allowed,2026-01-21 04:19:02
936,214.77.92.65,162.74.105.64,35927,DDoS,Medium,Greenland,TCP,Monitored,2026-02-09 14:23:38
937,208.14.114.10,176.79.0.249,18242,Brute Force,Critical,Slovakia (Slovak Republic),HTTPS,Monitored,2026-01-04 01:20:13
938,108.27.107.52,43.98.119.123,33389,Phishing,Low,Canada,HTTP,Blocked,2026-01-07 04:44:04
939,18.144.164.39,209.188.95.73,2672,Phishing,High,Germany,TCP,Blocked,2026-01-18 09:52:34
940,68.12.135.165,169.182.25.225,32481,Phishing,Critical,Tuvalu,UDP,Blocked,2026-04-12 03:28:04
941,46.254.241.228,218.5.215.181,27137,Malware,Medium,Tuvalu,HTTPS,Monitored,2026-01-04 07:35:29
942,94.201.238.228,65.213.15.236,21028,SQL Injection,Low,Zambia,HTTP,Blocked,2026-01-27 05:29:06
943,102.162.172.205,26.218.66.72,36976,Phishing,Low,Spain,HTTP,Monitored,2026-04-10 06:05:49
944,12.226.236.29,121.41.248.52,29203,SQL Injection,Critical,Saint Pierre and Miquelon,TCP,Blocked,2026-02-19 22:08:05
945,20.9.38.31,57.192.198.128,31802,DDoS,Critical,Bouvet Island (Bouvetoya),TCP,Monitored,2026-02-24 00:29:46
946,98.219.62.252,162.252.112.156,32153,SQL Injection,Low,Costa Rica,UDP,Monitored,2026-05-27 08:54:42
947,119.178.112.123,176.126.72.54,48908,Malware,Critical,Andorra,HTTPS,Blocked,2026-03-28 19:21:51
948,54.192.76.116,205.222.203.171,2040,Phishing,Critical,Vietnam,HTTP,Allowed,2026-04-03 09:06:04
949,44.189.184.10,133.178.247.61,40949,Phishing,Medium,Canada,UDP,Allowed,2026-02-28 17:00:14
950,57.60.146.26,47.133.123.0,51079,Brute Force,High,Fiji,TCP,Allowed,2026-03-29 19:37:53
951,185.182.212.203,59.254.4.79,58537,Malware,Critical,Cape Verde,TCP,Blocked,2026-01-04 12:58:28
952,131.213.174.215,157.34.84.124,31224,Brute Force,Medium,Holy See (Vatican City State),TCP,Blocked,2026-03-15 04:43:52
953,141.47.155.54,91.12.115.4,36179,SQL Injection,Medium,Cook Islands,UDP,Allowed,2026-01-04 15:09:39
954,95.32.200.76,223.104.14.40,18132,DDoS,Medium,Myanmar,HTTP,Monitored,2026-04-07 08:13:04
955,57.148.61.146,104.227.229.47,7279,Phishing,High,Mauritius,HTTP,Blocked,2026-05-20 02:57:40
956,17.169.16.2,221.145.93.237,12720,Malware,High,Yemen,UDP,Allowed,2026-01-19 14:23:55
957,108.184.189.74,45.98.157.170,22841,Malware,Critical,Serbia,HTTP,Allowed,2026-03-09 10:12:02
958,195.113.104.92,91.255.165.117,54782,DDoS,High,French Polynesia,UDP,Monitored,2026-02-11 09:18:37
959,7.89.99.222,177.132.216.40,59142,Brute Force,Low,Czech Republic,TCP,Monitored,2026-01-13 05:21:26
960,221.217.255.92,3.138.189.62,56115,Phishing,Medium,Sudan,TCP,Monitored,2026-04-18 12:03:11
961,34.171.57.164,156.221.30.127,56035,Brute Force,High,Papua New Guinea,TCP,Monitored,2026-01-05 17:57:28
962,24.225.137.152,112.127.61.141,6600,DDoS,Critical,Libyan Arab Jamahiriya,HTTP,Monitored,2026-04-01 04:44:50
963,200.119.70.225,59.52.0.104,21524,DDoS,Critical,Bermuda,HTTPS,Blocked,2026-03-09 01:20:52
964,194.201.115.193,37.69.126.211,8915,SQL Injection,Medium,French Guiana,HTTP,Allowed,2026-01-05 20:08:30
965,60.216.234.31,11.11.201.203,9352,Malware,Low,Dominica,HTTPS,Monitored,2026-01-10 11:55:33
966,61.131.23.190,115.52.1.9,20207,DDoS,Critical,Cuba,HTTP,Monitored,2026-01-16 22:04:54
967,179.247.204.62,123.5.223.44,17100,Phishing,Critical,Estonia,HTTP,Allowed,2026-04-25 06:27:09
968,145.250.26.70,91.129.10.213,17832,Brute Force,High,Isle of Man,TCP,Blocked,2026-01-23 15:21:22
969,179.148.105.187,131.42.100.17,14292,Brute Force,Critical,Finland,HTTP,Monitored,2026-01-17 21:59:54
970,48.166.247.225,202.252.202.216,26158,SQL Injection,Low,Jersey,HTTPS,Allowed,2026-04-03 22:20:22
971,86.210.128.12,2.103.220.233,18674,Brute Force,High,Kyrgyz Republic,TCP,Blocked,2026-05-01 19:21:31
972,50.76.241.24,142.219.81.114,31603,Brute Force,Medium,Barbados,UDP,Monitored,2026-01-22 13:22:34
973,69.68.3.242,177.42.85.52,57982,DDoS,Low,Montenegro,HTTPS,Allowed,2026-05-24 22:18:25
974,68.212.10.75,86.223.255.117,53253,Phishing,Low,Libyan Arab Jamahiriya,HTTP,Allowed,2026-02-24 13:55:34
975,109.146.210.175,12.24.83.9,50303,Phishing,Critical,Ethiopia,UDP,Monitored,2026-05-25 06:12:33
976,131.150.132.174,124.40.121.84,29572,Phishing,Low,Albania,HTTP,Blocked,2026-04-05 10:21:58
977,140.13.141.65,54.94.45.160,21379,SQL Injection,High,Italy,TCP,Blocked,2026-04-19 09:18:13
978,193.243.50.88,153.187.199.51,60783,DDoS,Low,Syrian Arab Republic,HTTP,Allowed,2026-04-08 18:51:47
979,200.188.42.0,164.175.88.100,35563,SQL Injection,Medium,Poland,TCP,Monitored,2026-05-21 20:24:36
980,101.13.92.224,15.70.75.85,9276,SQL Injection,High,Gambia,UDP,Allowed,2026-03-29 14:30:25
981,8.6.158.37,37.52.180.96,43323,Malware,Medium,Poland,HTTPS,Allowed,2026-01-24 08:51:15
982,95.134.87.192,53.238.13.26,16855,Malware,Medium,Guernsey,HTTP,Allowed,2026-02-10 04:32:32
983,113.219.65.214,52.50.252.153,22487,SQL Injection,Low,Burundi,HTTP,Blocked,2026-04-02 21:33:23
984,179.216.236.89,145.30.74.105,11612,Phishing,Low,Pitcairn Islands,TCP,Blocked,2026-05-08 04:08:04
985,63.104.6.22,113.180.215.229,23011,Brute Force,Medium,United States Minor Outlying Islands,HTTPS,Monitored,2026-03-21 04:07:51
986,22.249.254.13,138.199.109.4,44694,Malware,High,Comoros,HTTPS,Monitored,2026-04-01 05:23:08
987,142.201.62.77,126.213.209.229,28038,Malware,Critical,Honduras,HTTP,Blocked,2026-03-24 09:46:57
988,159.30.3.97,155.170.148.220,29987,SQL Injection,Medium,Indonesia,UDP,Allowed,2026-03-02 01:41:05
989,199.192.51.216,17.171.243.71,22358,SQL Injection,Low,Svalbard & Jan Mayen Islands,UDP,Allowed,2026-02-12 05:36:37
990,202.232.18.167,101.24.53.47,39442,Brute Force,Medium,Sao Tome and Principe,HTTP,Allowed,2026-02-09 09:07:16
991,162.165.203.131,22.136.209.153,43124,SQL Injection,Medium,Uruguay,HTTP,Blocked,2026-01-31 10:47:31
992,94.206.29.228,180.112.153.228,17915,Malware,Medium,Slovakia (Slovak Republic),HTTP,Monitored,2026-01-27 08:26:55
993,194.252.13.227,119.57.80.120,61471,DDoS,Medium,Belgium,HTTP,Monitored,2026-05-13 01:17:31
994,101.150.233.220,42.252.196.219,4438,Malware,Critical,Moldova,HTTP,Monitored,2026-02-11 01:27:50
995,214.143.216.157,46.131.53.74,53140,Phishing,Medium,Guatemala,HTTPS,Blocked,2026-02-01 21:03:09
996,109.93.123.157,116.254.148.86,52996,Malware,Low,Cambodia,HTTPS,Blocked,2026-01-27 11:25:26
997,23.244.81.240,110.49.10.41,48271,Brute Force,Medium,Cape Verde,TCP,Monitored,2026-01-02 04:55:51
998,118.201.241.133,49.16.215.154,64734,Malware,Medium,Palestinian Territory,TCP,Monitored,2026-01-29 06:52:08
999,94.11.189.122,32.137.49.130,18085,Malware,Critical,Lithuania,HTTP,Monitored,2026-01-29 09:40:34
1000,157.81.222.255,136.236.146.123,14447,SQL Injection,Critical,Guyana,TCP,Blocked,2026-05-28 10:46:38
